time,geomag_dF_dt_nT_per_min,sw_bz,sw_bt,sw_speed,sw_density,projected_residual_nT_per_min
2026-08-24 06:00:00+00:00,-0.04299999999784632,1.87,5.24,380.1,2.59,-0.08041474115094693
2026-08-24 06:01:00+00:00,-0.029999999998835847,1.85,5.2,397.09,1.91,-0.10547361164512012
2026-08-24 06:02:00+00:00,-0.059000000001105946,1.68,4.71,382.3,2.66,-0.06785051308312756
2026-08-24 06:03:00+00:00,-0.04099999999743886,1.79,4.66,387.39,0.98,-0.048194258552445565
2026-08-24 06:04:00+00:00,0.07799999999406282,1.43,4.64,381.1,2.77,0.07559074483761145
2026-08-24 06:05:00+00:00,0.02500000000145519,1.98,5.3,376.6,2.5,-0.006156419170594608
2026-08-24 06:06:00+00:00,0.06199999999807915,1.93,5.22,377.8,2.75,0.03112471933194327
2026-08-24 06:07:00+00:00,0.016999999999825377,1.34,4.64,381.6,2.63,0.013975823508668328
2026-08-24 06:08:00+00:00,0.10200000000622822,2.24,5.16,390.52,2.16,0.04609020495438852
2026-08-24 06:09:00+00:00,0.14499999999679858,2.19,5.11,384.4,2.89,0.10359935131397985
2026-08-24 06:10:00+00:00,0.07600000000093132,2.17,4.69,394.04,2.44,0.03999465786137247
2026-08-24 06:11:00+00:00,0.0029999999969732016,2.19,5.17,377.5,2.63,-0.022188798974064724
2026-08-24 06:12:00+00:00,0.02800000000570435,1.72,5.23,377.4,2.31,-1.174689710427973e-05
2026-08-24 06:13:00+00:00,0.10899999999674037,2.08,4.64,377.4,2.58,0.11956639255003923
2026-08-24 06:14:00+00:00,0.10800000000017462,1.89,5.21,377.14,1.11,0.09077551555050356
2026-08-24 06:15:00+00:00,0.11600000000180444,3.31,4.83,385.67,1.65,0.10156776115586139
2026-08-24 06:16:00+00:00,0.07299999999668216,4.21,4.71,389.2,2.83,0.05148009802883896
2026-08-24 06:17:00+00:00,0.02599999999802094,1.46,4.61,385.7,2.69,0.013946299730201459
2026-08-24 06:18:00+00:00,0.06400000000576256,3.74,4.77,385.6,2.79,0.047070651188424045
2026-08-24 06:19:00+00:00,0.07899999999790452,3.61,4.83,382.37,1.98,0.07192384282528791
2026-08-24 06:20:00+00:00,0.031000000002677552,3.52,4.79,384.0,2.75,0.01667979507776384
2026-08-24 06:21:00+00:00,0.046999999998661224,1.72,4.62,385.2,2.75,0.035910968389473955
2026-08-24 06:22:00+00:00,0.04499999999825377,3.43,4.84,390.06,2.12,0.015256445142723535
2026-08-24 06:23:00+00:00,-0.10699999999633292,3.41,4.94,388.44,2.29,-0.14033362918132583
2026-08-24 06:24:00+00:00,-0.14800000000104774,3.54,4.89,386.2,2.83,-0.1753813105194718
2026-08-24 06:25:00+00:00,-0.17200000000593718,3.33,4.91,390.27,2.78,-0.21181897536572336
2026-08-24 06:26:00+00:00,-0.10299999999551801,1.96,4.58,385.5,1.4,-0.10223187287300027
2026-08-24 06:27:00+00:00,-0.07500000000436557,2.13,4.55,386.49,2.12,-0.07937747530489292
2026-08-24 06:28:00+00:00,-0.07799999999406282,2.6,5.1,382.17,3.04,-0.11268866949977296
2026-08-24 06:29:00+00:00,-0.06400000000576256,2.74,5.01,390.16,2.36,-0.10892830980115278
2026-08-24 06:30:00+00:00,-0.04099999999743886,2.93,4.9,397.76,2.82,-0.10152680853244617
2026-08-24 06:31:00+00:00,0.008999999998195563,2.94,4.91,385.2,2.84,-0.018761390907499505
2026-08-24 06:32:00+00:00,0.008000000001629815,2.77,5.15,372.9,2.49,-0.0010091633941987574
2026-08-24 06:33:00+00:00,0.012000000002444722,3.87,4.66,394.38,2.72,-0.020182604347371437
2026-08-24 06:34:00+00:00,0.049999999995634425,3.79,4.69,379.6,2.63,0.05568764633195208
2026-08-24 06:35:00+00:00,-0.10099999999511056,2.44,5.09,380.6,2.75,-0.12926197596155387
2026-08-24 06:36:00+00:00,0.08799999999610009,3.01,4.66,380.3,2.59,0.09196315502429106
2026-08-24 06:37:00+00:00,-0.12999999999738066,2.91,4.64,378.5,2.58,-0.120096899398654
2026-08-24 06:38:00+00:00,0.046999999998661224,3.11,4.62,384.15,2.14,0.04673829950635643
2026-08-24 06:39:00+00:00,-0.05199999999604188,1.74,5.24,393.8,2.79,-0.12774218821332872
2026-08-24 06:40:00+00:00,-0.040000000000873115,3.05,4.47,378.7,2.67,-0.019500220148383422
2026-08-24 06:41:00+00:00,-0.04100000000471482,2.0,5.2,377.0,2.61,-0.0672422098611094
2026-08-24 06:42:00+00:00,-0.004000000000814907,2.93,4.48,378.6,2.42,0.017496220618633453
2026-08-24 06:43:00+00:00,-0.01900000000023283,2.21,5.04,395.56,3.37,-0.08878616811026227
2026-08-24 06:44:00+00:00,0.01900000000023283,2.67,5.06,378.2,2.49,0.0015805086542261676
2026-08-24 06:45:00+00:00,0.059000000001105946,2.81,5.09,378.2,2.44,0.04030329043291052
2026-08-24 06:46:00+00:00,0.0070000000050640665,2.85,5.09,388.29,2.61,-0.03970954976224474
2026-08-24 06:47:00+00:00,-0.02200000000448199,3.49,4.47,378.2,2.44,0.002629773433005144
2026-08-24 06:48:00+00:00,0.010999999998603016,3.63,4.46,378.0,2.49,0.036870952320479905
2026-08-24 06:49:00+00:00,-0.14199999999982538,3.02,5.01,393.55,3.6,-0.20378070149487026
2026-08-24 06:50:00+00:00,-0.01900000000023283,3.46,4.41,385.04,2.96,-0.012300094985151083
2026-08-24 06:51:00+00:00,-0.1349999999947613,3.65,4.41,375.5,2.26,-0.09746469775186198
2026-08-24 06:52:00+00:00,0.03899999999703141,3.41,4.42,392.77,3.26,0.022176669873362132
2026-08-24 06:53:00+00:00,0.040000000000873115,3.05,5.11,399.28,2.93,-0.03906131737596058
2026-08-24 06:54:00+00:00,0.021999999997206032,2.68,5.21,374.0,2.05,0.008833271170454272
2026-08-24 06:55:00+00:00,0.05200000000331784,2.4,5.13,375.2,2.31,0.038415030963500685
2026-08-24 06:56:00+00:00,0.01900000000023283,2.47,4.63,375.7,2.41,0.037018578262151075
2026-08-24 06:57:00+00:00,-0.01299999999901047,2.58,5.11,373.2,2.26,-0.019067231346327936
2026-08-24 06:58:00+00:00,-0.06400000000576256,2.45,5.27,369.5,2.2,-0.07082727407412481
2026-08-24 06:59:00+00:00,-0.007999999994353857,2.32,5.24,373.5,2.28,-0.0244129867049842
2026-08-24 07:00:00+00:00,0.0020000000004074536,1.97,5.25,373.6,2.48,-0.017689552487446525
2026-08-24 07:01:00+00:00,0.055999999996856786,1.89,5.26,389.37,1.6,-0.0006167147598353101
2026-08-24 07:02:00+00:00,0.0,2.5,5.2,396.68,1.39,-0.06900520770382729
2026-08-24 07:03:00+00:00,0.0319999999992433,2.37,5.19,375.0,2.42,0.01409455741449368
2026-08-24 07:04:00+00:00,0.07700000000477303,3.15,4.56,378.5,2.71,0.09201284161077017
2026-08-24 07:05:00+00:00,0.07899999999790452,2.53,4.97,378.5,2.53,0.06613812064618875
2026-08-24 07:06:00+00:00,0.125,2.43,4.97,378.3,2.62,0.11177652181549894
2026-08-24 07:07:00+00:00,0.011999999995168764,2.47,5.03,392.95,3.12,-0.04770720248250013
2026-08-24 07:08:00+00:00,0.1300000000046566,2.63,4.7,393.97,3.03,0.09069779694621515
2026-08-24 07:09:00+00:00,0.033999999999650754,2.68,4.73,377.6,2.6,0.03951951925766382
2026-08-24 07:10:00+00:00,0.12999999999738066,2.51,5.0,377.0,2.5,0.11929043705083311
2026-08-24 07:11:00+00:00,0.11300000000483124,2.49,5.0,395.97,2.72,0.05005129769945178
2026-08-24 07:12:00+00:00,-0.016999999999825377,2.76,4.99,374.1,2.47,-0.01840321346989799
2026-08-24 07:13:00+00:00,0.20599999999831198,2.76,4.74,374.1,2.56,0.2206940229260699
2026-08-24 07:14:00+00:00,-0.0319999999992433,2.61,4.68,375.4,2.48,-0.016623870475394015
2026-08-24 07:15:00+00:00,0.05099999999947613,2.74,4.69,375.1,2.31,0.06803920224047726
2026-08-24 07:16:00+00:00,0.091999999996915,2.12,5.12,369.6,2.12,0.09458530478817648
2026-08-24 07:17:00+00:00,0.0070000000050640665,1.89,5.23,389.2,1.93,-0.04943601413563682
2026-08-24 07:18:00+00:00,0.07799999999406282,2.71,4.81,395.08,2.6,0.03156652923341568
2026-08-24 07:19:00+00:00,-0.08099999999831198,2.67,4.81,370.1,2.38,-0.05930740206482058
2026-08-24 07:20:00+00:00,0.09200000000419095,2.76,4.82,370.4,2.3,0.11302187817121262
2026-08-24 07:21:00+00:00,0.16199999999662396,2.29,5.24,391.77,1.6,0.10140711547926008
2026-08-24 07:22:00+00:00,-0.12700000000040745,2.5,5.2,386.62,1.77,-0.17176221451917895
2026-08-24 07:23:00+00:00,0.1529999999984284,2.64,5.23,370.0,2.28,0.14748042110812354
2026-08-24 07:24:00+00:00,-0.18400000000110595,2.87,4.77,372.9,2.26,-0.16573350554609242
2026-08-24 07:25:00+00:00,0.018000000003667083,2.57,5.22,370.9,2.24,0.010829967188682229
2026-08-24 07:26:00+00:00,-0.07100000000355067,2.6,4.55,385.47,1.62,-0.06791133480875237
2026-08-24 07:27:00+00:00,-0.16599999999743886,2.7,4.54,372.9,2.33,-0.13330150078380448
2026-08-24 07:28:00+00:00,-0.004000000000814907,2.9,4.65,371.0,2.37,0.026688405437846844
2026-08-24 07:29:00+00:00,0.0020000000004074536,2.6,5.21,370.7,2.33,-0.004506617374110587
2026-08-24 07:30:00+00:00,-0.04400000000168802,2.52,5.19,371.6,2.3,-0.05158479669861411
2026-08-24 07:31:00+00:00,0.005000000004656613,2.3,4.57,371.3,2.33,0.03886929142554019
2026-08-24 07:32:00+00:00,-0.05099999999947613,2.82,5.04,385.3,1.74,-0.08045249048591248
2026-08-24 07:33:00+00:00,-0.10500000000320142,2.37,4.51,372.9,2.65,-0.0734100961025286
2026-08-24 07:34:00+00:00,-0.09100000000034925,1.3,5.19,368.9,2.06,-0.09305914027348591
2026-08-24 07:35:00+00:00,-0.15099999999802094,2.89,4.56,392.4,2.44,-0.17195830708614798
2026-08-24 07:36:00+00:00,-0.0030000000042491592,2.65,4.45,395.69,2.49,-0.02639191773782623
2026-08-24 07:37:00+00:00,-0.04499999999825377,2.74,4.37,394.79,2.82,-0.06267112325432057
2026-08-24 07:38:00+00:00,-0.07899999999790452,0.82,5.29,365.1,2.04,-0.0787750258801347
2026-08-24 07:39:00+00:00,0.07699999999749707,2.64,4.42,383.56,2.63,0.08701634246294894
2026-08-24 07:40:00+00:00,-0.010999999998603016,0.57,5.3,389.03,2.86,-0.08170500071202241
2026-08-24 07:41:00+00:00,0.008999999998195563,2.99,4.56,390.22,2.68,-0.007519869379079388
2026-08-24 07:42:00+00:00,0.04500000000552973,2.87,4.51,384.85,2.5,0.04708054827188151
2026-08-24 07:43:00+00:00,-0.07900000000518048,2.53,4.43,372.7,2.26,-0.03839333054418619
2026-08-24 07:44:00+00:00,0.027999999998428393,2.06,4.27,375.9,2.59,0.06719270806175931
2026-08-24 07:45:00+00:00,0.07900000000518048,0.63,5.15,372.1,2.45,0.06653924353612656
2026-08-24 07:46:00+00:00,0.15799999999580905,0.69,5.18,372.3,2.52,0.14267968851875354
2026-08-24 07:47:00+00:00,0.13300000000162981,2.77,4.44,370.0,2.33,0.18032315464207477
2026-08-24 07:48:00+00:00,0.10300000000279397,2.84,4.44,388.5,2.61,0.09917144481818714
2026-08-24 07:49:00+00:00,0.12999999999738066,0.95,5.23,382.13,2.21,0.08793614443895134
2026-08-24 07:50:00+00:00,0.11000000000058208,2.76,4.42,382.77,2.69,0.12204063288894829
2026-08-24 07:51:00+00:00,0.06300000000192085,2.45,4.39,385.07,2.53,0.07115985328958921
2026-08-24 07:52:00+00:00,0.049999999995634425,3.22,4.46,385.06,1.95,0.05962196793212197
2026-08-24 07:53:00+00:00,0.08100000000558794,3.26,4.49,396.54,2.96,0.05108784734187759
2026-08-24 07:54:00+00:00,0.004999999997380655,1.11,5.29,366.4,2.18,0.0015805879368069229
2026-08-24 07:55:00+00:00,-0.11000000000058208,0.87,5.29,382.57,2.35,-0.1584378833324884
2026-08-24 07:56:00+00:00,-0.11600000000180444,2.78,4.49,365.7,1.84,-0.057124032027648465
2026-08-24 07:57:00+00:00,-0.05099999999947613,2.88,4.45,380.79,2.28,-0.032516418828299275
2026-08-24 07:58:00+00:00,0.012000000002444722,0.57,5.37,368.5,2.07,-0.0030980677521374594
2026-08-24 07:59:00+00:00,-0.11600000000180444,0.44,5.36,390.88,2.18,-0.19131737014193012
2026-08-24 08:00:00+00:00,0.010999999998603016,-0.09,5.38,384.81,2.18,-0.05089571398850592
2026-08-24 08:01:00+00:00,-0.027999999998428393,-0.91,5.4,370.2,1.84,-0.05211168493155812
2026-08-24 08:02:00+00:00,0.04099999999743886,-1.05,5.42,369.5,1.73,0.01779654903040919
2026-08-24 08:03:00+00:00,0.04100000000471482,2.71,4.42,371.1,1.77,0.09042681235069833
2026-08-24 08:04:00+00:00,0.04799999999522697,2.8,4.43,378.3,2.39,0.07349222273494774
2026-08-24 08:05:00+00:00,0.05400000000372529,2.13,4.37,379.74,2.26,0.07872078993261585
2026-08-24 08:06:00+00:00,0.05700000000069849,-0.25,5.17,372.1,1.9,0.04458948711842891
2026-08-24 08:07:00+00:00,0.12999999999738066,-0.6,5.26,367.4,1.8,0.12385494435964128
2026-08-24 08:08:00+00:00,0.10900000000401633,-0.07,5.24,381.37,2.18,0.06570916951864486
2026-08-24 08:09:00+00:00,0.08199999999487773,0.29,5.13,376.9,2.52,0.05664174114778249
2026-08-24 08:10:00+00:00,0.07600000000093132,0.34,5.12,381.6,2.55,0.03868764329215028
2026-08-24 08:11:00+00:00,0.07700000000477303,1.0,4.03,376.4,2.75,0.1268973868873831
2026-08-24 08:12:00+00:00,0.05199999999604188,0.71,4.01,376.47,1.86,0.10840124731488075
2026-08-24 08:13:00+00:00,0.008999999998195563,0.51,3.96,375.4,2.4,0.06732441652145776
2026-08-24 08:14:00+00:00,-0.026999999994586688,0.31,5.18,383.67,2.45,-0.07324483107574817
2026-08-24 08:15:00+00:00,-0.04500000000552973,0.19,5.12,375.87,1.97,-0.06341330539643562
2026-08-24 08:16:00+00:00,-0.05099999999947613,-0.78,3.79,376.8,2.54,0.010451951175733512
2026-08-24 08:17:00+00:00,-0.059999999997671694,0.49,5.07,370.5,1.95,-0.05976716839531525
2026-08-24 08:18:00+00:00,-0.07300000000395812,0.87,4.01,368.93,2.06,0.002595778651325001
2026-08-24 08:19:00+00:00,-0.05799999999726424,1.66,3.73,370.27,2.91,0.02903539480030222
2026-08-24 08:20:00+00:00,-0.036999999996623956,0.3,5.24,372.26,3.19,-0.06192308520744165
2026-08-24 08:21:00+00:00,-0.026000000005296897,0.52,3.82,377.29,2.81,0.03383443092858916
2026-08-24 08:22:00+00:00,0.07200000000011642,1.02,3.88,375.28,2.85,0.13428404187834972
2026-08-24 08:23:00+00:00,0.012000000002444722,-0.75,5.34,375.08,2.54,-0.02552957342913304
2026-08-24 08:24:00+00:00,0.04299999999784632,-0.11,4.01,378.44,1.89,0.0916854287880976
2026-08-24 08:25:00+00:00,0.040000000000873115,0.1,5.22,379.66,1.62,0.006948003646333828
2026-08-24 08:26:00+00:00,-0.004999999997380655,0.0,4.05,371.7,2.11,0.05779312941150512
2026-08-24 08:27:00+00:00,0.027999999998428393,-0.48,5.25,384.17,1.55,-0.020209362564988086
2026-08-24 08:28:00+00:00,0.16599999999743886,-0.46,5.19,390.65,1.46,0.10517308427072948
2026-08-24 08:29:00+00:00,-0.00399999999353895,0.62,3.96,372.65,1.31,0.06950009774639247
2026-08-24 08:30:00+00:00,0.004999999997380655,-0.78,5.15,375.1,2.12,-0.017057487355928366
2026-08-24 08:31:00+00:00,0.0610000000015134,-0.4,5.14,371.6,2.11,0.0500694254301771
2026-08-24 08:32:00+00:00,0.055999999996856786,-0.17,5.16,380.3,2.41,0.019054102533408904
2026-08-24 08:33:00+00:00,-0.05799999999726424,-0.09,5.15,377.84,2.26,-0.08645161541135796
2026-08-24 08:34:00+00:00,0.07200000000011642,1.58,4.07,372.2,1.94,0.13762445367938825
2026-08-24 08:35:00+00:00,0.004000000000814907,1.34,4.0,376.5,2.47,0.05850254057962635
2026-08-24 08:36:00+00:00,-0.02500000000145519,0.01,5.23,377.13,2.15,-0.05587151679893328
2026-08-24 08:37:00+00:00,0.023000000001047738,0.87,4.05,378.34,2.23,0.06961441635061655
2026-08-24 08:38:00+00:00,-0.031000000002677552,0.7,4.02,373.6,2.24,0.0297452088924745
2026-08-24 08:39:00+00:00,-0.004000000000814907,-0.38,5.26,372.41,2.15,-0.025340503489316223
2026-08-24 08:40:00+00:00,-0.023999999997613486,0.19,5.28,371.19,2.14,-0.04178854797731877
2026-08-24 08:41:00+00:00,-0.03600000000005821,0.54,5.27,374.81,2.85,-0.06673344632565868
2026-08-24 08:42:00+00:00,-0.056000000004132744,0.82,5.22,368.5,2.29,-0.061901327685501675
2026-08-24 08:43:00+00:00,-0.11499999999796273,0.0,4.0,372.7,2.28,-0.05270819764369939
2026-08-24 08:44:00+00:00,-0.09399999999732245,0.06,5.21,369.84,2.23,-0.10447966393763129
2026-08-24 08:45:00+00:00,-0.08699999999953434,-0.1,5.2,368.99,2.38,-0.09601540101962297
2026-08-24 08:46:00+00:00,-0.024000000004889444,-0.36,3.97,379.7,1.97,0.022757544363394694
2026-08-24 08:47:00+00:00,0.0580000000045402,-0.71,5.1,357.61,2.7,0.08218340227127369
2026-08-24 08:48:00+00:00,0.010999999998603016,-1.73,4.01,365.8,2.01,0.08817556975790526
2026-08-24 08:49:00+00:00,0.05199999999604188,1.35,5.23,373.15,2.42,0.033565216401512575
2026-08-24 08:50:00+00:00,0.02800000000570435,1.57,5.26,370.49,2.88,0.012088467931721976
2026-08-24 08:51:00+00:00,0.0639999999984866,1.42,5.24,367.6,2.35,0.06039464046124576
2026-08-24 08:52:00+00:00,0.04499999999825377,1.04,5.19,369.8,2.34,0.0378904397464623
2026-08-24 08:53:00+00:00,0.006000000001222361,1.28,4.22,367.0,2.19,0.07293201015894599
2026-08-24 08:54:00+00:00,0.004000000000814907,0.91,5.18,409.05,2.46,-0.10845390912797445
2026-08-24 08:55:00+00:00,-0.0010000000038417056,1.1,5.2,366.2,1.9,0.00404036938303671
2026-08-24 08:56:00+00:00,-0.03899999999703141,1.18,3.97,391.38,2.03,-0.019631308421384348
2026-08-24 08:57:00+00:00,-0.02599999999802094,0.66,4.14,388.81,2.34,-0.014702773920969204
2026-08-24 08:58:00+00:00,-0.029999999998835847,-0.12,4.21,364.8,2.11,0.04019249618113063
2026-08-24 08:59:00+00:00,0.011999999995168764,-0.3,4.0,367.1,2.18,0.0891167992657629
2026-08-24 09:00:00+00:00,0.008000000001629815,1.26,5.26,368.2,2.2,0.002052374487137623
2026-08-24 09:01:00+00:00,0.04400000000168802,1.0,5.27,381.11,2.1,0.0028821929759858464
2026-08-24 09:02:00+00:00,0.040000000000873115,0.83,5.29,386.05,2.5,-0.01887798025075068
2026-08-24 09:03:00+00:00,0.010999999998603016,-0.77,4.13,364.4,1.76,0.08824734950901537
2026-08-24 09:04:00+00:00,0.030999999995401595,0.78,5.33,366.8,1.8,0.025557902761675067
2026-08-24 09:05:00+00:00,0.014000000002852175,0.72,5.33,365.1,1.89,0.012312083196324482
2026-08-24 09:06:00+00:00,-0.016999999999825377,-2.5,4.46,401.48,1.88,-0.06642388026330956
2026-08-24 09:07:00+00:00,-0.03899999999703141,0.75,5.35,397.29,1.37,-0.12432334967517583
2026-08-24 09:08:00+00:00,-0.016999999999825377,0.48,5.38,366.1,1.61,-0.023425974860695753
2026-08-24 09:09:00+00:00,-0.04100000000471482,0.6,5.34,363.9,2.11,-0.042000333673820715
2026-08-24 09:10:00+00:00,-0.04299999999784632,2.75,4.16,366.6,1.87,0.03525183075752607
2026-08-24 09:11:00+00:00,-0.03500000000349246,-0.07,5.38,380.24,2.67,-0.08802033292779882
2026-08-24 09:12:00+00:00,-0.056999999993422534,-0.48,5.4,368.6,1.67,-0.07448571719420738
2026-08-24 09:13:00+00:00,0.005999999993946403,-0.67,5.37,379.34,2.09,-0.0415855603170184
2026-08-24 09:14:00+00:00,0.02800000000570435,0.13,5.35,382.43,2.33,-0.025966285307256774
2026-08-24 09:15:00+00:00,0.08999999999650754,0.18,5.33,365.9,1.82,0.08517918172668076
2026-08-24 09:16:00+00:00,0.09900000000197906,-0.08,5.35,366.2,1.57,0.09305489404577429
2026-08-24 09:17:00+00:00,0.06599999999889405,0.39,4.14,375.66,2.37,0.11147075817962364
2026-08-24 09:18:00+00:00,0.08799999999610009,-0.73,5.35,370.1,1.66,0.069235880705912
2026-08-24 09:19:00+00:00,0.06700000000273576,0.14,5.38,392.66,1.96,-0.013711258380623967
2026-08-24 09:20:00+00:00,0.056000000004132744,3.05,4.05,365.1,1.82,0.14678185404950866
2026-08-24 09:21:00+00:00,0.0629999999946449,2.89,4.24,365.6,1.76,0.13971607135632746
2026-08-24 09:22:00+00:00,0.06000000000494765,0.21,5.37,366.7,1.95,0.049551717500520384
2026-08-24 09:23:00+00:00,0.06999999999970896,3.22,4.36,380.1,3.03,0.09209606427370406
2026-08-24 09:24:00+00:00,-0.024000000004889444,3.06,4.37,367.1,1.59,0.04165627269519398
2026-08-24 09:25:00+00:00,0.024000000004889444,0.68,5.39,364.3,1.9,0.020257459373365826
2026-08-24 09:26:00+00:00,-0.0290000000022701,2.73,4.36,377.52,3.03,-0.0013561498457916252
2026-08-24 09:27:00+00:00,-0.04899999999906868,2.72,4.34,378.02,3.05,-0.021519583601151804
2026-08-24 09:28:00+00:00,0.0,2.23,4.23,365.7,1.84,0.07475643398273836
2026-08-24 09:29:00+00:00,0.014999999999417923,0.26,5.39,365.6,1.94,0.0063581544406981425
2026-08-24 09:30:00+00:00,-0.04800000000250293,0.44,5.39,375.33,2.26,-0.08434573010644117
2026-08-24 09:31:00+00:00,-0.07899999999790452,0.25,5.41,364.3,1.84,-0.084843969355379
2026-08-24 09:32:00+00:00,-0.12299999999959255,0.29,4.05,364.0,1.77,-0.036498496714059664
2026-08-24 09:33:00+00:00,-0.08899999999994179,1.76,5.38,362.5,1.51,-0.08161264164224924
2026-08-24 09:34:00+00:00,-0.04899999999906868,1.49,5.42,380.08,2.76,-0.10061467400399239
2026-08-24 09:35:00+00:00,-0.04800000000250293,0.2,4.12,376.64,2.33,-0.004053451908149784
2026-08-24 09:36:00+00:00,-0.08699999999953434,-0.31,4.12,363.2,1.74,-0.00448020565632283
2026-08-24 09:37:00+00:00,-0.04299999999784632,1.19,5.44,362.4,1.71,-0.042301737300265194
2026-08-24 09:38:00+00:00,0.026999999994586688,-0.3,4.05,362.9,1.72,0.11516789401092804
2026-08-24 09:39:00+00:00,0.02500000000145519,-0.77,4.13,373.77,1.62,0.0781892964917157
2026-08-24 09:40:00+00:00,0.052999999999883585,-0.72,4.12,362.2,1.59,0.13810317500602365
2026-08-24 09:41:00+00:00,0.08600000000296859,-0.3,4.09,363.6,1.65,0.17010687282201592
2026-08-24 09:42:00+00:00,0.14199999999982538,0.42,5.46,373.31,1.8,0.10949075158739982
2026-08-24 09:43:00+00:00,0.17500000000291038,-0.27,4.14,375.09,2.04,0.22246401803403598
2026-08-24 09:44:00+00:00,0.18699999999807915,0.54,5.45,376.77,2.32,0.14265537705029815
2026-08-24 09:45:00+00:00,0.1559999999954016,0.64,5.45,363.3,1.7,0.15218764798219042
2026-08-24 09:46:00+00:00,0.20200000000477303,-0.11,3.92,381.65,2.59,0.2432955380775902
2026-08-24 09:47:00+00:00,0.08999999999650754,0.03,5.5,364.5,1.64,0.07838173802533359
2026-08-24 09:48:00+00:00,0.059000000001105946,0.24,5.48,363.3,1.61,0.05270691119630014
2026-08-24 09:49:00+00:00,0.14100000000325963,0.27,5.5,376.99,2.29,0.09219133693471152
2026-08-24 09:50:00+00:00,0.1639999999970314,0.4,5.48,372.52,1.73,0.1326918916104338
2026-08-24 09:51:00+00:00,0.06900000000314321,0.37,5.5,369.07,2.05,0.04327580949288096
2026-08-24 09:52:00+00:00,-0.018000000003667083,0.28,5.5,363.0,1.44,-0.023545413009906556
2026-08-24 09:53:00+00:00,-0.17300000000250293,0.42,5.52,362.2,1.55,-0.17812251655187009
2026-08-24 09:54:00+00:00,-0.19099999999889405,-1.25,3.94,381.86,2.68,-0.15534864530881456
2026-08-24 09:55:00+00:00,-0.2459999999991851,-0.35,3.99,363.3,1.41,-0.15288344347500143
2026-08-24 09:56:00+00:00,-0.22000000000116415,-0.2,3.97,379.52,2.85,-0.17840219259456436
2026-08-24 09:57:00+00:00,-0.14199999999982538,0.28,5.55,360.9,1.34,-0.1445897863950758
2026-08-24 09:58:00+00:00,-0.05500000000029104,0.2,5.54,381.72,2.07,-0.11778855234437238
2026-08-24 09:59:00+00:00,-0.049999999995634425,0.25,5.52,352.53,3.14,-0.04074554970001905
2026-08-24 10:00:00+00:00,-0.016999999999825377,0.24,5.52,364.2,1.47,-0.027404712415100847
2026-08-24 10:01:00+00:00,0.000999999996565748,0.32,5.52,363.8,1.68,-0.009567825390558364
2026-08-24 10:02:00+00:00,-0.0610000000015134,0.31,5.49,365.1,1.73,-0.07340635774839178
2026-08-24 10:03:00+00:00,0.08899999999994179,1.64,4.38,365.9,2.0,0.1504687921474852
2026-08-24 10:04:00+00:00,0.09600000000500586,3.23,4.38,366.0,2.03,0.1613517677512408
2026-08-24 10:05:00+00:00,0.07299999999668216,2.67,4.42,362.6,1.59,0.1462621998517898
2026-08-24 10:06:00+00:00,0.024000000004889444,2.51,4.43,363.5,1.45,0.09471838044262085
2026-08-24 10:07:00+00:00,0.04199999999400461,-0.47,5.52,392.42,2.03,-0.049588099838908745
2026-08-24 10:08:00+00:00,0.02800000000570435,0.19,5.51,396.33,2.74,-0.07645798830946775
2026-08-24 10:09:00+00:00,-0.0650000000023283,-0.74,5.6,384.76,2.2,-0.1433942882847837
2026-08-24 10:10:00+00:00,0.008000000001629815,0.73,5.41,377.32,2.11,-0.03316717753849087
2026-08-24 10:11:00+00:00,-0.14800000000104774,2.59,4.3,371.67,2.38,-0.09661310150455094
2026-08-24 10:12:00+00:00,-0.13999999999941792,1.54,5.22,376.87,3.86,-0.17712799068313673
2026-08-24 10:13:00+00:00,-0.10100000000238651,0.75,5.3,365.4,1.86,-0.10119342577327599
2026-08-24 10:14:00+00:00,-0.23700000000098953,0.75,5.32,382.7,2.22,-0.28722218362169627
2026-08-24 10:15:00+00:00,-0.046999999998661224,0.66,5.32,367.1,1.79,-0.052834344877216555
2026-08-24 10:16:00+00:00,0.06300000000192085,1.63,4.34,382.32,1.78,0.08478203675517859
2026-08-24 10:17:00+00:00,-0.05200000000331784,2.35,4.46,389.89,1.99,-0.05793836658453764
2026-08-24 10:18:00+00:00,-0.05399999999644933,0.13,5.38,392.06,1.85,-0.13237632973022498
2026-08-24 10:19:00+00:00,-0.043000000005122274,1.36,4.34,367.2,2.05,0.01655910050925516
2026-08-24 10:20:00+00:00,-0.004999999997380655,0.76,4.28,365.7,1.75,0.06300591721526452
2026-08-24 10:21:00+00:00,0.09999999999854481,0.46,4.39,366.5,2.2,0.15458227895776447
2026-08-24 10:22:00+00:00,0.04200000000128057,1.23,4.44,366.4,1.89,0.09775714796432627
2026-08-24 10:23:00+00:00,0.0930000000007567,0.88,4.42,370.8,2.14,0.1356571303548557
2026-08-24 10:24:00+00:00,0.0959999999977299,0.8,5.29,388.73,1.56,0.03637555017947888
2026-08-24 10:25:00+00:00,-0.04899999999906868,1.2,4.21,391.26,1.77,-0.0435101435168981
2026-08-24 10:26:00+00:00,-0.11800000000221189,1.78,5.19,388.06,0.99,-0.1625243279509849
2026-08-24 10:27:00+00:00,-0.08499999999912689,0.79,4.3,394.73,2.15,-0.09854512943847424
2026-08-24 10:28:00+00:00,-0.18400000000110595,1.52,5.3,366.0,1.95,-0.18430746682362295
2026-08-24 10:29:00+00:00,-0.030999999995401595,0.87,5.31,375.11,1.82,-0.057190237254711444
2026-08-24 10:30:00+00:00,-0.06700000000273576,0.81,5.36,365.1,1.89,-0.07044755137302317
2026-08-24 10:31:00+00:00,-0.10800000000017462,0.56,4.16,368.4,2.07,-0.041938692292119925
2026-08-24 10:32:00+00:00,0.0930000000007567,1.06,5.31,363.1,2.01,0.09809394850138525
2026-08-24 10:33:00+00:00,0.07300000000395812,0.06,4.17,364.7,2.12,0.14655880429297574
2026-08-24 10:34:00+00:00,-0.03700000000389991,-0.04,4.17,363.6,2.18,0.03880813938446577
2026-08-24 10:35:00+00:00,0.08600000000296859,-0.38,4.27,373.4,1.62,0.13188364211632914
2026-08-24 10:36:00+00:00,0.07499999999708962,1.3,5.39,377.01,1.75,0.040047167096549985
2026-08-24 10:37:00+00:00,0.07500000000436557,0.15,4.18,361.9,2.11,0.15568393329037028
2026-08-24 10:38:00+00:00,-0.0290000000022701,1.37,5.34,363.7,2.24,-0.02825407075875773
2026-08-24 10:39:00+00:00,0.08000000000174623,0.64,4.17,362.0,1.77,0.16477710990066408
2026-08-24 10:40:00+00:00,-0.05700000000069849,0.64,4.12,373.0,2.71,-0.004751040774719224
2026-08-24 10:41:00+00:00,0.10099999999511056,0.56,4.12,364.2,2.08,0.18088451359075272
2026-08-24 10:42:00+00:00,0.0580000000045402,0.68,4.12,364.4,1.96,0.13850815789924364
2026-08-24 10:43:00+00:00,0.03600000000005821,0.69,4.15,368.17,1.81,0.10549665231101768
2026-08-24 10:44:00+00:00,0.03299999999580905,1.56,5.17,367.01,1.74,0.040249178018599875
2026-08-24 10:45:00+00:00,0.07900000000518048,0.72,4.19,370.44,1.88,0.13935762299221371
2026-08-24 10:46:00+00:00,0.04199999999400461,0.72,4.18,369.93,1.96,0.10383584446225151
2026-08-24 10:47:00+00:00,-0.02899999999499414,1.89,5.17,367.87,1.77,-0.023350581744197265
2026-08-24 10:48:00+00:00,-0.023000000001047738,0.64,4.19,370.1,2.55,0.033418163355469384
2026-08-24 10:49:00+00:00,0.04899999999906868,0.78,4.13,370.27,1.94,0.1135741543463368
2026-08-24 10:50:00+00:00,-0.07899999999790452,0.66,4.13,365.1,2.39,-0.004055344848448814
2026-08-24 10:51:00+00:00,-0.056000000004132744,1.43,5.19,362.92,1.47,-0.037655994896195824
2026-08-24 10:52:00+00:00,-0.07899999999790452,0.7,4.09,371.88,1.89,-0.01592460134109351
2026-08-24 10:53:00+00:00,-0.023000000001047738,0.63,4.09,369.13,1.82,0.04771175095237942
2026-08-24 10:54:00+00:00,-0.0970000000015716,0.5,4.08,365.6,2.38,-0.020416333289974664
2026-08-24 10:55:00+00:00,-0.059999999997671694,0.64,4.1,366.8,2.54,0.011319619315469293
2026-08-24 10:56:00+00:00,0.0650000000023283,0.84,4.13,360.3,2.24,0.1542938352895134
2026-08-24 10:57:00+00:00,0.09399999999732245,0.87,4.16,366.1,2.36,0.16505033483241524
2026-08-24 10:58:00+00:00,0.056000000004132744,0.72,4.19,374.76,2.69,0.09922448340239601
2026-08-24 10:59:00+00:00,0.1319999999977881,1.71,5.21,372.09,1.55,0.12473017629552735
2026-08-24 11:00:00+00:00,0.0020000000004074536,0.75,4.13,371.15,2.03,0.06351994931372774
2026-08-24 11:01:00+00:00,0.01299999999901047,0.81,4.09,367.4,1.91,0.08820375874574121
2026-08-24 11:02:00+00:00,-0.040000000000873115,1.41,5.26,363.6,2.31,-0.03401086548518223
2026-08-24 11:03:00+00:00,-0.08400000000256114,1.35,5.26,367.51,1.49,-0.08295354798762881
2026-08-24 11:04:00+00:00,-0.05099999999947613,0.59,4.17,373.8,1.91,0.0011578428692095508
2026-08-24 11:05:00+00:00,-0.07699999999749707,0.43,4.19,356.0,2.23,0.01871111990573121
2026-08-24 11:06:00+00:00,-0.10500000000320142,1.33,5.12,354.6,2.07,-0.06417262426518577
2026-08-24 11:07:00+00:00,-0.0669999999954598,1.6,5.04,364.23,1.13,-0.03930878419402144
2026-08-24 11:08:00+00:00,-0.0610000000015134,1.96,4.99,355.1,2.41,-0.013436369519670227
2026-08-24 11:09:00+00:00,-0.08200000000215368,3.48,4.5,380.3,2.05,-0.06231845292628105
2026-08-24 11:10:00+00:00,-0.10699999999633292,2.94,4.58,347.7,2.22,-0.008255439901584241
2026-08-24 11:11:00+00:00,-0.033999999999650754,3.49,4.32,348.6,2.34,0.08040685905804414
2026-08-24 11:12:00+00:00,-0.01299999999901047,0.65,4.09,351.3,2.26,0.10234699790846596
2026-08-24 11:13:00+00:00,0.008999999998195563,0.99,4.11,348.7,2.4,0.12991813863331475
2026-08-24 11:14:00+00:00,0.033999999999650754,3.48,4.39,385.93,2.41,0.043514581166700816
2026-08-24 11:15:00+00:00,0.09900000000197906,3.44,4.35,345.8,2.29,0.21908712729274638
2026-08-24 11:16:00+00:00,0.0930000000007567,0.71,4.12,346.2,2.22,0.22040241652514436
2026-08-24 11:17:00+00:00,0.00399999999353895,3.64,4.39,374.87,1.91,0.04694576417684357
2026-08-24 11:18:00+00:00,0.06000000000494765,1.31,4.28,348.0,2.19,0.1737463934225109
2026-08-24 11:19:00+00:00,0.029999999998835847,3.66,4.43,380.55,1.93,0.055017383769696546
2026-08-24 11:20:00+00:00,-0.004999999997380655,1.39,4.26,343.7,1.88,0.12392892148500761
2026-08-24 11:21:00+00:00,0.03600000000005821,3.95,4.48,386.66,2.59,0.03759067805491641
2026-08-24 11:22:00+00:00,-0.026000000005296897,1.32,4.24,348.7,2.21,0.08844112915150158
2026-08-24 11:23:00+00:00,-0.004000000000814907,3.57,4.51,381.81,2.1,0.010881163952879642
2026-08-24 11:24:00+00:00,-0.0029999999969732016,1.8,4.29,349.9,2.08,0.1071058446240547
2026-08-24 11:25:00+00:00,-0.04200000000128057,1.45,4.23,347.5,2.06,0.07770725689773805
2026-08-24 11:26:00+00:00,0.04200000000128057,1.8,4.28,349.2,2.28,0.15326256612242456
2026-08-24 11:27:00+00:00,0.0290000000022701,3.49,4.34,385.44,2.66,0.041467481175465885
2026-08-24 11:28:00+00:00,-0.08600000000296859,2.14,4.38,350.6,2.25,0.01597488727095564
2026-08-24 11:29:00+00:00,0.17199999999866122,3.39,4.32,385.32,1.82,0.19165407656918682
2026-08-24 11:30:00+00:00,0.08899999999994179,2.1,4.24,377.17,1.84,0.13209763500676502
2026-08-24 11:31:00+00:00,-0.02500000000145519,3.42,4.58,341.6,2.13,0.09197340379774382
2026-08-24 11:32:00+00:00,-0.01299999999901047,1.61,4.16,345.3,2.22,0.11659747266621603
2026-08-24 11:33:00+00:00,0.19200000000273576,1.32,4.06,390.89,2.49,0.20386458027638596
2026-08-24 11:34:00+00:00,-0.19600000000355067,2.22,3.86,388.96,2.64,-0.1641754607980514
2026-08-24 11:35:00+00:00,0.17100000000209548,3.11,4.5,371.59,2.27,0.2114102968919354
2026-08-24 11:36:00+00:00,-0.004000000000814907,3.65,4.6,360.64,2.37,0.059756745083501275
2026-08-24 11:37:00+00:00,0.04400000000168802,3.48,4.57,342.9,2.26,0.1574365546334457
2026-08-24 11:38:00+00:00,-0.04299999999784632,3.43,4.6,344.3,2.26,0.06455417488385604
2026-08-24 11:39:00+00:00,0.07999999999447027,3.25,4.94,379.05,2.95,0.06674726556135978
2026-08-24 11:40:00+00:00,-0.05899999999382999,3.19,4.93,343.4,2.28,0.0280930003144199
2026-08-24 11:41:00+00:00,0.08699999999953434,3.4,4.63,345.8,2.34,0.18790689491097934
2026-08-24 11:42:00+00:00,0.03899999999703141,3.25,4.56,374.6,2.01,0.06953843101885196
2026-08-24 11:43:00+00:00,0.027000000001862645,2.89,4.69,392.72,4.6,-0.018427856080901403
2026-08-24 11:44:00+00:00,0.17499999999563443,2.98,4.76,346.9,2.5,0.2620189454271987
2026-08-24 11:45:00+00:00,0.0290000000022701,3.39,4.54,347.4,2.52,0.1303816513109969
2026-08-24 11:46:00+00:00,0.08499999999912689,3.58,4.9,372.92,4.38,0.08182020160448573
2026-08-24 11:47:00+00:00,0.09600000000500586,3.44,4.91,375.16,2.78,0.09683787663011946
2026-08-24 11:48:00+00:00,0.04299999999784632,3.16,4.89,345.4,2.48,0.1259626909723997
2026-08-24 11:49:00+00:00,0.004999999997380655,3.17,4.91,346.2,2.51,0.08430872309764896
2026-08-24 11:50:00+00:00,0.10700000000360887,3.27,4.82,348.8,2.43,0.18621020479378358
2026-08-24 11:51:00+00:00,0.07800000000133878,3.03,4.83,350.3,2.23,0.1532591594805629
2026-08-24 11:52:00+00:00,0.09999999999854481,3.41,4.83,373.96,3.03,0.10758368285541399
2026-08-24 11:53:00+00:00,0.04599999999481952,3.28,4.72,372.98,2.98,0.06354651678518497
2026-08-24 11:54:00+00:00,0.07900000000518048,3.59,4.74,372.34,2.79,0.09908033096261094
2026-08-24 11:55:00+00:00,-0.004000000000814907,3.36,4.98,344.5,2.12,0.07838249552229702
2026-08-24 11:56:00+00:00,0.021999999997206032,3.23,4.97,348.0,2.11,0.09541636480547816
2026-08-24 11:57:00+00:00,0.006000000001222361,3.9,4.63,371.9,2.23,0.039329762919592226
2026-08-24 11:58:00+00:00,0.06199999999807915,3.91,4.71,368.55,1.64,0.10302985606150884
2026-08-24 11:59:00+00:00,0.07900000000518048,4.05,4.75,349.8,2.02,0.16519050981746033
2026-08-24 12:00:00+00:00,0.05899999999382999,4.0,4.7,351.8,2.05,0.14284849146967554
2026-08-24 12:01:00+00:00,0.08500000000640284,4.0,4.7,370.49,1.85,0.12031329273494124
2026-08-24 12:02:00+00:00,0.07999999999447027,4.01,4.74,349.5,2.07,0.16720548805549568
2026-08-24 12:03:00+00:00,0.07100000000355067,4.0,4.7,352.1,2.12,0.1535637065907995
2026-08-24 12:04:00+00:00,0.07699999999749707,2.71,4.91,350.1,2.26,0.1463590758064655
2026-08-24 12:05:00+00:00,0.10800000000017462,2.72,4.93,377.25,1.89,0.10609335431734691
2026-08-24 12:06:00+00:00,0.14300000000366708,3.95,4.66,345.9,2.03,0.24528222928873677
2026-08-24 12:07:00+00:00,0.021999999997206032,2.45,4.99,351.1,2.29,0.08241848864366416
2026-08-24 12:08:00+00:00,0.008000000001629815,3.59,4.69,347.7,1.98,0.10282739984479956
2026-08-24 12:09:00+00:00,0.055999999996856786,2.41,5.02,351.0,2.18,0.11532954336336759
2026-08-24 12:10:00+00:00,0.07800000000133878,3.86,4.68,370.48,1.53,0.1165043812244759
2026-08-24 12:11:00+00:00,0.08400000000256114,3.94,4.45,379.29,2.33,0.10904920832947702
2026-08-24 12:12:00+00:00,0.03299999999580905,3.82,4.52,359.0,2.2,0.1081270939559713
2026-08-24 12:13:00+00:00,0.06000000000494765,3.3,4.73,353.8,2.38,0.1323027602769115
2026-08-24 12:14:00+00:00,0.11199999999371357,2.38,5.03,365.61,1.25,0.13798289597306942
2026-08-24 12:15:00+00:00,0.0650000000023283,3.35,4.86,354.1,2.49,0.12718482904281547
2026-08-24 12:16:00+00:00,0.0639999999984866,2.87,5.15,353.0,2.17,0.11062382034859548
2026-08-24 12:17:00+00:00,0.10700000000360887,2.98,5.27,375.19,2.13,0.08691200089793746
2026-08-24 12:18:00+00:00,0.07899999999790452,2.93,5.16,368.57,1.72,0.08664407976637019
2026-08-24 12:19:00+00:00,0.0010000000038417056,3.03,5.08,376.32,2.49,-0.011749394636675334
2026-08-24 12:20:00+00:00,0.07899999999790452,3.28,4.83,378.78,2.6,0.07632468683786674
2026-08-24 12:21:00+00:00,0.10899999999674037,1.62,4.92,358.1,2.29,0.15312981140315937
2026-08-24 12:22:00+00:00,0.06700000000273576,1.63,4.93,373.37,1.97,0.07191625542982345
2026-08-24 12:23:00+00:00,0.052999999999883585,2.37,5.22,375.19,2.11,0.03472228344777671
2026-08-24 12:24:00+00:00,0.05200000000331784,2.7,5.18,357.3,2.43,0.08287129001825397
2026-08-24 12:25:00+00:00,0.043999999994412065,3.02,5.24,370.76,1.45,0.04255679056490735
2026-08-24 12:26:00+00:00,0.09200000000419095,2.49,5.29,370.63,1.43,0.08624592983018088
2026-08-24 12:27:00+00:00,0.10199999999895226,2.61,5.25,382.94,2.36,0.05994823754441988
2026-08-24 12:28:00+00:00,-0.014000000002852175,2.72,5.24,375.48,1.79,-0.031220079329106122
2026-08-24 12:29:00+00:00,0.08899999999994179,1.37,4.81,370.44,1.58,0.11174828491337763
2026-08-24 12:30:00+00:00,0.05000000000291038,1.97,4.77,365.74,1.18,0.09238337454125331
2026-08-24 12:31:00+00:00,0.006000000001222361,2.63,5.22,381.08,2.46,-0.02971382869809963
2026-08-24 12:32:00+00:00,0.03299999999580905,2.11,4.8,381.72,2.38,0.02279231194136261
2026-08-24 12:33:00+00:00,-0.049999999995634425,2.53,4.88,371.06,1.48,-0.029719207848699962
2026-08-24 12:34:00+00:00,0.00999999999476131,2.24,5.14,351.6,2.66,0.05592032177169217
2026-08-24 12:35:00+00:00,0.04500000000552973,2.4,4.85,353.4,2.75,0.10532366479492093
2026-08-24 12:36:00+00:00,0.07699999999749707,2.35,5.09,355.2,2.66,0.11695077027992978
2026-08-24 12:37:00+00:00,0.031000000002677552,1.75,4.65,353.3,2.7,0.1035300122990594
2026-08-24 12:38:00+00:00,0.08399999999528518,2.54,5.08,378.1,2.12,0.06770973436275533
2026-08-24 12:39:00+00:00,0.11700000000564614,1.43,4.72,353.0,2.76,0.1843585271737705
2026-08-24 12:40:00+00:00,0.09799999999813735,1.39,4.7,352.1,2.47,0.17099341165573873
2026-08-24 12:41:00+00:00,0.15200000000186265,2.49,5.05,355.7,2.82,0.1925688123318391
2026-08-24 12:42:00+00:00,0.12899999999353895,2.36,5.08,354.1,2.69,0.1723775477601814
2026-08-24 12:43:00+00:00,0.08600000000296859,2.53,4.69,353.2,2.4,0.16033196458278187
2026-08-24 12:44:00+00:00,-0.19799999999668216,2.73,4.73,353.6,2.39,-0.12679421103765293
2026-08-24 12:45:00+00:00,0.026999999994586688,2.46,5.17,373.1,2.16,0.0175492361165823
2026-08-24 12:46:00+00:00,0.0580000000045402,2.48,5.13,352.9,2.47,0.10308727645875138
2026-08-24 12:47:00+00:00,0.04899999999906868,1.6,4.63,375.19,2.05,0.0684833373121143
2026-08-24 12:48:00+00:00,0.040000000000873115,1.55,4.66,353.0,2.42,0.11404861006453282
2026-08-24 12:49:00+00:00,0.006999999997788109,1.31,4.78,352.5,2.19,0.07529001417008041
2026-08-24 12:50:00+00:00,0.004000000000814907,2.17,5.11,362.47,1.01,0.03410146847015533
2026-08-24 12:51:00+00:00,-0.012000000002444722,2.41,5.12,350.8,1.94,0.0428340138904537
2026-08-24 12:52:00+00:00,0.033000000003085006,1.14,4.86,378.37,2.2,0.026312059529993506
2026-08-24 12:53:00+00:00,0.030999999995401595,2.15,4.81,369.91,1.73,0.05626514991999697
2026-08-24 12:54:00+00:00,0.05099999999947613,0.23,4.93,349.3,2.17,0.11498361412762034
2026-08-24 12:55:00+00:00,-0.02899999999499414,0.38,4.91,359.27,2.13,0.010380887875566937
2026-08-24 12:56:00+00:00,0.008000000001629815,-0.14,4.97,353.5,2.03,0.05804447379694118
2026-08-24 12:57:00+00:00,0.04199999999400461,0.57,4.89,356.95,1.9,0.0910240985025231
2026-08-24 12:58:00+00:00,0.005000000004656613,1.51,4.86,359.24,2.13,0.05090149073558118
2026-08-24 12:59:00+00:00,0.03800000000046566,1.2,4.86,352.0,2.66,0.09872718109107034
2026-08-24 13:00:00+00:00,0.011999999995168764,1.56,4.9,353.0,2.64,0.06850608905117553
2026-08-24 13:01:00+00:00,0.033999999999650754,2.22,4.8,357.36,1.88,0.09260777549527652
2026-08-24 13:02:00+00:00,0.016999999999825377,2.23,4.79,360.46,2.03,0.06698835248900031
2026-08-24 13:03:00+00:00,0.04200000000128057,2.23,4.75,358.39,1.98,0.10053728205037733
2026-08-24 13:04:00+00:00,0.005000000004656613,2.18,4.77,353.3,2.61,0.07130501478349423
2026-08-24 13:05:00+00:00,0.010999999998603016,1.22,4.88,348.83,0.98,0.09051608969940175
2026-08-24 13:06:00+00:00,0.04200000000128057,1.99,4.75,354.5,2.64,0.1057096817734286
2026-08-24 13:07:00+00:00,0.01599999999598367,1.29,4.89,355.2,2.6,0.06683554136936977
2026-08-24 13:08:00+00:00,0.0020000000004074536,1.01,4.93,354.6,2.67,0.05051210066337729
2026-08-24 13:09:00+00:00,-0.04800000000250293,0.56,4.92,355.0,2.63,-0.0008443308317712464
2026-08-24 13:10:00+00:00,0.05400000000372529,0.94,4.9,345.8,1.79,0.13390830622797342
2026-08-24 13:11:00+00:00,-0.02500000000145519,1.11,4.87,355.7,2.41,0.026656891378636513
2026-08-24 13:12:00+00:00,-0.016999999999825377,1.32,4.96,356.9,2.47,0.025594158554847965
2026-08-24 13:13:00+00:00,-0.0319999999992433,2.3,4.54,357.2,2.53,0.04015190835043429
2026-08-24 13:14:00+00:00,-0.027999999998428393,2.16,4.42,346.56,1.85,0.08490775105470977
2026-08-24 13:15:00+00:00,0.004000000000814907,1.74,5.03,353.6,2.5,0.05167015508813694
2026-08-24 13:16:00+00:00,-0.13400000000547152,2.13,4.53,339.61,1.49,-0.007482073582831011
2026-08-24 13:17:00+00:00,-0.14499999999679858,1.55,5.09,333.6,1.32,-0.040296268798341056
2026-08-24 13:18:00+00:00,-0.0959999999977299,2.08,4.54,343.84,1.77,0.01648056025786286
2026-08-24 13:19:00+00:00,-0.0900000000037835,2.0,4.56,356.3,2.49,-0.01732772469349554
2026-08-24 13:20:00+00:00,-0.10099999999511056,1.19,5.07,356.0,2.52,-0.06406013192460028
2026-08-24 13:21:00+00:00,-0.10100000000238651,2.51,4.67,346.46,1.93,-0.004137597837402487
2026-08-24 13:22:00+00:00,-0.11499999999796273,1.01,5.15,352.67,1.93,-0.07093413670912879
2026-08-24 13:23:00+00:00,-0.027000000001862645,2.79,4.69,353.66,1.93,0.050062630759088095
2026-08-24 13:24:00+00:00,-0.05200000000331784,2.68,4.68,354.16,2.12,0.022782053937809923
2026-08-24 13:25:00+00:00,0.026000000005296897,2.29,4.73,352.48,2.1,0.1009945545787466
2026-08-24 13:26:00+00:00,-0.06400000000576256,2.3,4.79,354.53,2.11,0.0014652448159206272
2026-08-24 13:27:00+00:00,-0.05700000000069849,1.38,5.11,358.08,1.86,-0.02321048279650114
2026-08-24 13:28:00+00:00,-0.04199999999400461,2.34,4.76,353.46,1.44,0.033067152906285965
2026-08-24 13:29:00+00:00,-0.07200000000011642,1.93,4.63,356.1,2.53,-0.0039430209524805165
2026-08-24 13:30:00+00:00,-0.05500000000029104,1.48,5.07,353.88,2.33,-0.010290864285629468
2026-08-24 13:31:00+00:00,-0.05700000000069849,1.91,4.68,353.55,2.14,0.017162934511968708
2026-08-24 13:32:00+00:00,-0.11200000000098953,2.02,4.69,353.39,1.92,-0.03625731524476186
2026-08-24 13:33:00+00:00,-0.11200000000098953,1.45,5.01,351.0,2.66,-0.057948303898970065
2026-08-24 13:34:00+00:00,-0.06900000000314321,2.06,4.06,349.4,2.69,0.0543213610399719
2026-08-24 13:35:00+00:00,-0.10499999999592546,2.16,4.67,346.5,2.79,-0.015144368618107057
2026-08-24 13:36:00+00:00,-0.10599999999976717,1.8,5.13,353.74,1.98,-0.06163480168913061
2026-08-24 13:37:00+00:00,-0.10500000000320142,2.56,4.77,353.56,1.92,-0.03358157560627102
2026-08-24 13:38:00+00:00,-0.11399999999412103,2.33,4.77,352.99,2.06,-0.04265663887756792
2026-08-24 13:39:00+00:00,-0.11000000000058208,2.5,4.8,350.8,2.59,-0.038009225628014356
2026-08-24 13:40:00+00:00,-0.08100000000558794,2.4,4.82,352.9,2.0,-0.01215375457909576
2026-08-24 13:41:00+00:00,-0.0989999999947031,2.46,4.99,344.1,2.5,-0.0213093423073617
2026-08-24 13:42:00+00:00,-0.03600000000005821,3.22,5.11,352.16,2.08,0.017123164719533165
2026-08-24 13:43:00+00:00,-0.14400000000023283,3.43,5.19,348.1,2.42,-0.08715674585095853
2026-08-24 13:44:00+00:00,-0.1260000000038417,2.96,5.19,351.88,4.75,-0.09663566838118688
2026-08-24 13:45:00+00:00,-0.0970000000015716,2.99,5.18,352.38,2.14,-0.0501904841560818
2026-08-24 13:46:00+00:00,-0.17199999999866122,2.58,4.73,353.12,2.1,-0.09792001535014906
2026-08-24 13:47:00+00:00,-0.14099999999598367,3.24,5.15,343.6,2.35,-0.06950035857554294
2026-08-24 13:48:00+00:00,-0.13400000000547152,2.8,4.75,344.8,2.4,-0.04050615883539896
2026-08-24 13:49:00+00:00,-0.13699999999516876,3.26,5.12,346.2,2.35,-0.07038329025485308
2026-08-24 13:50:00+00:00,-0.08800000000337604,2.85,4.74,350.7,2.72,-0.01166847517902346
2026-08-24 13:51:00+00:00,-0.10699999999633292,1.98,4.57,353.02,2.14,-0.02387338799667066
2026-08-24 13:52:00+00:00,-0.14900000000488944,1.75,4.94,354.78,2.44,-0.09802066019792124
2026-08-24 13:53:00+00:00,-0.11499999999796273,2.18,4.66,352.8,2.74,-0.04090128742632135
2026-08-24 13:54:00+00:00,-0.08099999999831198,1.94,4.89,353.0,2.69,-0.023129182850626095
2026-08-24 13:55:00+00:00,-0.0900000000037835,1.95,4.91,349.8,2.61,-0.024340184090078557
2026-08-24 13:56:00+00:00,-0.10199999999895226,2.06,4.99,355.5,4.85,-0.07208589480587344
2026-08-24 13:57:00+00:00,-0.08799999999610009,2.13,4.92,353.86,2.21,-0.030595851561472424
2026-08-24 13:58:00+00:00,-0.029999999998835847,2.35,4.96,353.94,2.14,0.025601902943361086
2026-08-24 13:59:00+00:00,-0.03800000000046566,2.18,4.96,350.2,2.88,0.02201288540773627
2026-08-24 14:00:00+00:00,-0.08400000000256114,1.75,4.94,354.74,2.08,-0.030426987744137934
2026-08-24 14:01:00+00:00,-0.11499999999796273,1.85,4.99,350.0,2.69,-0.05605107679350433
2026-08-24 14:02:00+00:00,-0.033000000003085006,1.84,4.99,356.44,2.26,0.011692124390722432
2026-08-24 14:03:00+00:00,-0.091999999996915,1.98,5.04,350.3,2.54,-0.0358036581790723
2026-08-24 14:04:00+00:00,-0.1500000000014552,1.94,4.99,358.14,2.31,-0.10991954369524648
2026-08-24 14:05:00+00:00,-0.10800000000017462,1.83,5.03,357.35,2.48,-0.06996045276885238
2026-08-24 14:06:00+00:00,-0.1610000000000582,1.85,5.0,349.9,2.61,-0.10190012576865085
2026-08-24 14:07:00+00:00,-0.11000000000058208,3.25,4.81,346.2,2.57,-0.024198937063002968
2026-08-24 14:08:00+00:00,-0.158000000003085,3.5,4.72,356.92,2.39,-0.09288229077991132
2026-08-24 14:09:00+00:00,-0.10199999999895226,3.62,4.76,353.79,2.99,-0.03501368146388398
2026-08-24 14:10:00+00:00,-0.1889999999984866,1.79,5.01,353.25,2.84,-0.14126921997343608
2026-08-24 14:11:00+00:00,-0.08599999999569263,4.11,4.86,350.4,2.65,-0.012955838057788382
2026-08-24 14:12:00+00:00,-0.11600000000180444,4.0,4.86,358.12,2.56,-0.06325395536177311
2026-08-24 14:13:00+00:00,-0.05000000000291038,2.1,5.01,355.07,2.7,-0.005313390242581262
2026-08-24 14:14:00+00:00,-0.14299999999639113,2.2,5.02,349.67,5.38,-0.1027990750063931
2026-08-24 14:15:00+00:00,-0.13799999999901047,4.61,4.97,359.22,2.29,-0.09201134824018137
2026-08-24 14:16:00+00:00,-0.08100000000558794,2.21,4.91,358.14,2.24,-0.03434601108315714
2026-08-24 14:17:00+00:00,-0.05700000000069849,4.65,4.88,356.53,2.13,0.0034067365059722576
2026-08-24 14:18:00+00:00,-0.14099999999598367,4.73,4.88,346.1,2.94,-0.058113242966459214
2026-08-24 14:19:00+00:00,-0.033000000003085006,4.73,4.85,347.2,2.87,0.04943873108183208
2026-08-24 14:20:00+00:00,-0.17399999999906868,1.99,4.87,348.1,2.81,-0.10239679701527701
2026-08-24 14:21:00+00:00,-0.10199999999895226,4.7,4.83,359.12,1.74,-0.04233568041294275
2026-08-24 14:22:00+00:00,-0.20700000000215368,4.72,4.86,344.5,2.74,-0.117148313611499
2026-08-24 14:23:00+00:00,-0.08399999999528518,2.08,4.91,360.78,1.58,-0.04019390307213828
2026-08-24 14:24:00+00:00,-0.12800000000424916,4.41,4.78,346.8,2.85,-0.040550434961845516
2026-08-24 14:25:00+00:00,-0.11799999999493593,4.42,4.85,348.9,2.79,-0.040398488797529344
2026-08-24 14:26:00+00:00,-0.158000000003085,2.08,4.75,349.0,2.82,-0.08059783959709589
2026-08-24 14:27:00+00:00,-0.059999999997671694,2.22,4.77,347.4,2.76,0.021136018352034977
2026-08-24 14:28:00+00:00,-0.15899999999965075,4.35,4.75,351.87,5.08,-0.09865401592887443
2026-08-24 14:29:00+00:00,-0.059000000001105946,4.27,4.68,350.0,2.66,0.02751950393778868
2026-08-24 14:30:00+00:00,-0.1620000000038999,1.68,4.83,346.6,3.0,-0.08587763779441383
2026-08-24 14:31:00+00:00,-0.0610000000015134,1.31,4.77,362.39,2.25,-0.018869662365581817
2026-08-24 14:32:00+00:00,-0.1529999999984284,1.6,4.68,351.9,2.64,-0.07873376837095566
2026-08-24 14:33:00+00:00,-0.1239999999961583,1.97,4.63,347.96,5.11,-0.05191566217007691
2026-08-24 14:34:00+00:00,-0.1500000000014552,2.1,4.56,353.5,2.68,-0.07088801207787904
2026-08-24 14:35:00+00:00,-0.216999999996915,1.97,4.56,354.5,2.61,-0.1404314905720166
2026-08-24 14:36:00+00:00,-0.2080000000059954,2.09,4.57,363.36,2.5,-0.15467459114897086
2026-08-24 14:37:00+00:00,-0.14299999999639113,4.5,4.96,350.4,2.33,-0.0733641218076302
2026-08-24 14:38:00+00:00,-0.1790000000037253,2.44,4.74,363.44,2.1,-0.13353482787571783
2026-08-24 14:39:00+00:00,-0.2739999999976135,2.04,4.69,364.13,2.68,-0.23213662445934458
2026-08-24 14:40:00+00:00,-0.1639999999970314,2.7,4.77,364.29,2.38,-0.12403295711859745
2026-08-24 14:41:00+00:00,-0.22000000000116415,1.87,4.75,366.99,2.21,-0.18700675111644788
2026-08-24 14:42:00+00:00,-0.3220000000001164,1.74,4.79,348.3,2.55,-0.24446994526817045
2026-08-24 14:43:00+00:00,-0.14800000000104774,1.85,4.79,364.53,2.53,-0.11337701150001181
2026-08-24 14:44:00+00:00,-0.15899999999965075,2.13,4.84,352.0,2.57,-0.09376498930505152
2026-08-24 14:45:00+00:00,-0.10800000000017462,4.57,4.81,358.3,2.03,-0.047167674860531264
2026-08-24 14:46:00+00:00,-0.2739999999976135,1.15,4.83,357.25,1.88,-0.22003697714468265
2026-08-24 14:47:00+00:00,-0.07800000000133878,1.71,4.76,351.3,2.65,-0.007248997780744906
2026-08-24 14:48:00+00:00,-0.2190000000045984,1.55,4.85,352.25,1.9,-0.1520626041877458
2026-08-24 14:49:00+00:00,-0.13299999999435386,2.05,4.85,349.5,2.79,-0.06349578182305786
2026-08-24 14:50:00+00:00,-0.18900000000576256,1.23,4.86,362.96,5.06,-0.17404123866943488
2026-08-24 14:51:00+00:00,-0.30699999999342253,4.41,4.55,346.04,1.45,-0.1924681650781756
2026-08-24 14:52:00+00:00,-0.20400000000518048,4.33,4.52,342.41,1.43,-0.07784805651734317
2026-08-24 14:53:00+00:00,-0.2209999999977299,1.27,4.86,342.38,1.08,-0.12347366596603518
2026-08-24 14:54:00+00:00,-0.2860000000000582,1.63,4.84,342.88,1.38,-0.1895573492263936
2026-08-24 14:55:00+00:00,-0.1790000000037253,3.87,4.39,347.7,2.45,-0.06658925225373694
2026-08-24 14:56:00+00:00,-0.25399999999353895,3.95,4.44,340.34,1.01,-0.11510953993580408
2026-08-24 14:57:00+00:00,-0.2669999999998254,4.29,4.51,342.71,0.98,-0.13798159654298991
2026-08-24 14:58:00+00:00,-0.1830000000045402,1.62,4.84,343.8,0.64,-0.083930025410882
2026-08-24 14:59:00+00:00,-0.28800000000046566,1.6,4.88,345.8,2.64,-0.21081720070309468
2026-08-24 15:00:00+00:00,-0.29200000000128057,3.76,4.45,326.84,1.2,-0.11955602276424199
2026-08-24 15:01:00+00:00,-0.2139999999999418,1.46,4.91,346.7,2.77,-0.1425088582842715
2026-08-24 15:02:00+00:00,-0.26299999999901047,1.29,4.88,346.2,2.73,-0.1883567554085503
2026-08-24 15:03:00+00:00,-0.21600000000034925,1.52,4.84,345.8,2.73,-0.13698311429679394
2026-08-24 15:04:00+00:00,-0.20799999999871943,1.51,4.84,349.7,2.78,-0.13977193423589473
2026-08-24 15:05:00+00:00,-0.2489999999961583,3.49,4.35,331.46,1.14,-0.08253286628774736
2026-08-24 15:06:00+00:00,-0.3720000000030268,3.5,4.39,346.7,2.98,-0.2615936214514797
2026-08-24 15:07:00+00:00,-0.22000000000116415,0.89,4.71,336.54,0.85,-0.09629752371340651
2026-08-24 15:08:00+00:00,-0.32299999999668216,1.29,4.85,346.6,2.85,-0.24824773879165218
2026-08-24 15:09:00+00:00,-0.27400000000488944,0.84,4.78,345.0,2.81,-0.19125007386148918
2026-08-24 15:10:00+00:00,-0.33599999999569263,3.84,4.48,331.64,0.86,-0.17581409615007906
2026-08-24 15:11:00+00:00,-0.23700000000098953,0.91,4.89,344.8,2.84,-0.16108766193160673
2026-08-24 15:12:00+00:00,-0.3510000000023865,0.87,4.87,344.3,2.95,-0.2732842444708483
2026-08-24 15:13:00+00:00,-0.16900000000168802,0.81,4.92,330.51,1.4,-0.04725524397681677
2026-08-24 15:14:00+00:00,-0.31899999999586726,0.89,4.84,330.87,1.08,-0.19043689940552574
2026-08-24 15:15:00+00:00,-0.2669999999998254,0.88,4.88,342.6,2.9,-0.18503988652594228
2026-08-24 15:16:00+00:00,-0.32100000000355067,0.66,4.88,343.3,2.82,-0.24095969276563353
2026-08-24 15:17:00+00:00,-0.29499999999825377,1.24,4.78,344.5,2.83,-0.20995667086571224
2026-08-24 15:18:00+00:00,-0.24199999999837019,0.97,4.81,344.1,2.81,-0.1584963939208726
2026-08-24 15:19:00+00:00,-0.34200000000419095,3.66,4.54,343.3,2.77,-0.23065522891812076
2026-08-24 15:20:00+00:00,-0.27899999999499414,0.71,4.88,336.2,1.15,-0.16832399012742558
2026-08-24 15:21:00+00:00,-0.29800000000250293,0.6,4.9,332.2,1.39,-0.17993774949880123
2026-08-24 15:22:00+00:00,-0.25200000000040745,0.54,4.97,330.99,1.68,-0.13755513231230038
2026-08-24 15:23:00+00:00,-0.2569999999977881,0.5,5.0,330.16,1.81,-0.14335230644058272
2026-08-24 15:24:00+00:00,-0.22899999999935972,2.9,4.28,337.0,2.61,-0.08441911114000972
2026-08-24 15:25:00+00:00,-0.39400000000023283,0.67,5.1,335.3,2.54,-0.30534455471805505
2026-08-24 15:26:00+00:00,-0.15499999999883585,0.91,5.05,336.5,2.61,-0.0660315432675153
2026-08-24 15:27:00+00:00,-0.34600000000500586,0.42,4.99,340.04,1.75,-0.2578755627916875
2026-08-24 15:28:00+00:00,-0.20399999999790452,1.15,4.95,338.4,2.65,-0.11303704789804823
2026-08-24 15:29:00+00:00,-0.24100000000180444,1.4,4.93,335.8,2.7,-0.14141580437313112
2026-08-24 15:30:00+00:00,-0.20899999999528518,2.05,4.8,343.6,2.78,-0.12032534338049346
2026-08-24 15:31:00+00:00,-0.364000000001397,2.92,4.64,343.8,2.93,-0.2638113788586525
2026-08-24 15:32:00+00:00,-0.10800000000017462,1.29,5.03,347.14,2.33,-0.04313549440993858
2026-08-24 15:33:00+00:00,-0.3179999999993015,1.35,5.0,359.04,2.54,-0.28419767007009367
2026-08-24 15:34:00+00:00,-0.28399999999965075,4.53,4.77,334.4,2.66,-0.16112272027539729
2026-08-24 15:35:00+00:00,-0.2249999999985448,1.1,5.15,334.1,2.66,-0.13613397513815212
2026-08-24 15:36:00+00:00,-0.2430000000022119,0.97,5.22,334.3,2.46,-0.1583241129663466
2026-08-24 15:37:00+00:00,-0.29099999999743886,4.23,4.4,333.4,2.45,-0.14007937709534368
2026-08-24 15:38:00+00:00,-0.2220000000015716,0.92,5.17,337.66,1.59,-0.13708128109467882
2026-08-24 15:39:00+00:00,-0.19700000000011642,3.51,4.33,336.4,2.5,-0.05172890284678508
2026-08-24 15:40:00+00:00,-0.1790000000037253,0.45,5.11,338.4,2.55,-0.09996468824343654
2026-08-24 15:41:00+00:00,-0.21099999999569263,0.66,5.06,340.8,2.69,-0.13542237183404826
2026-08-24 15:42:00+00:00,-0.2640000000028522,1.2,4.72,343.0,2.57,-0.16925152692530376
2026-08-24 15:43:00+00:00,-0.27700000000186265,0.96,5.07,356.94,3.44,-0.24955622137559494
2026-08-24 15:44:00+00:00,-0.2959999999948195,1.52,5.09,339.7,2.54,-0.21609783631099333
2026-08-24 15:45:00+00:00,-0.2970000000059372,1.76,5.09,334.8,2.64,-0.20404412593321736
2026-08-24 15:46:00+00:00,-0.2969999999986612,2.24,5.02,336.3,2.62,-0.2019154166218628
2026-08-24 15:47:00+00:00,-0.3019999999960419,2.55,4.98,356.45,2.2,-0.25430564385446963
2026-08-24 15:48:00+00:00,-0.26900000000023283,2.36,5.0,355.44,1.87,-0.2181867550065475
2026-08-24 15:49:00+00:00,-0.3389999999999418,2.25,4.77,354.43,1.58,-0.2684060003987421
2026-08-24 15:50:00+00:00,-0.2910000000047148,2.45,5.03,352.76,2.34,-0.23803542333072494
2026-08-24 15:51:00+00:00,-0.31599999999889405,2.59,5.09,354.56,2.67,-0.27375130877184173
2026-08-24 15:52:00+00:00,-0.260999999998603,3.01,5.15,352.98,2.27,-0.21462989271156685
2026-08-24 15:53:00+00:00,-0.2989999999990687,1.72,4.6,329.2,2.23,-0.15559603372687966
2026-08-24 15:54:00+00:00,-0.2580000000016298,2.17,5.21,329.0,2.4,-0.15479725547851164
2026-08-24 15:55:00+00:00,-0.2540000000008149,1.85,5.22,335.5,2.44,-0.16997930282724805
2026-08-24 15:56:00+00:00,-0.28800000000046566,2.4,4.64,347.21,1.88,-0.19109045825347604
2026-08-24 15:57:00+00:00,-0.24399999999877764,2.03,5.26,335.2,2.22,-0.1598400873782469
2026-08-24 15:58:00+00:00,-0.2540000000008149,2.04,5.2,331.6,2.37,-0.15722153119005083
2026-08-24 15:59:00+00:00,-0.2529999999969732,1.6,5.25,337.7,2.56,-0.17837533618540077
2026-08-24 16:00:00+00:00,-0.34200000000419095,1.22,5.31,339.7,2.39,-0.27659645568854857
2026-08-24 16:01:00+00:00,-0.23799999999755528,1.76,5.38,340.7,2.17,-0.1769489646393193
2026-08-24 16:02:00+00:00,-0.3029999999998836,1.85,5.27,340.6,2.25,-0.2346315429940246
2026-08-24 16:03:00+00:00,-0.27300000000104774,1.63,5.32,345.7,2.33,-0.22275180971404668
2026-08-24 16:04:00+00:00,-0.3629999999975553,2.89,5.05,349.11,1.25,-0.2928892175288806
2026-08-24 16:05:00+00:00,-0.32400000000052387,2.05,5.33,350.73,1.8,-0.28304239834462197
2026-08-24 16:06:00+00:00,-0.37299999999959255,1.68,5.0,328.4,1.67,-0.25045092616242287
2026-08-24 16:07:00+00:00,-0.3320000000021537,1.56,5.42,352.32,1.93,-0.30354858948124763
2026-08-24 16:08:00+00:00,-0.3510000000023865,0.42,5.36,338.9,2.21,-0.28775255171651093
2026-08-24 16:09:00+00:00,-0.3220000000001164,1.32,5.3,335.0,2.23,-0.24199575091619804
2026-08-24 16:10:00+00:00,-0.3319999999948777,1.67,5.0,337.0,2.3,-0.2367989646546613
2026-08-24 16:11:00+00:00,-0.30600000000413274,0.27,4.99,358.07,2.59,-0.2722433240631301
2026-08-24 16:12:00+00:00,-0.3260000000009313,0.05,4.98,341.5,2.26,-0.24564312178089376
2026-08-24 16:13:00+00:00,-0.29499999999825377,-0.46,5.31,341.9,2.01,-0.23745108937979048
2026-08-24 16:14:00+00:00,-0.31599999999889405,0.43,5.13,342.9,2.05,-0.24692155189068482
2026-08-24 16:15:00+00:00,-0.34900000000197906,-0.22,5.44,356.35,3.0,-0.3449187446294793
2026-08-24 16:16:00+00:00,-0.28399999999965075,1.27,4.99,355.72,1.93,-0.2366673605169164
2026-08-24 16:17:00+00:00,-0.2649999999994179,0.56,5.3,341.0,2.23,-0.20310312827543187
2026-08-24 16:18:00+00:00,-0.2779999999984284,1.48,5.28,338.1,2.2,-0.20429193023671907
2026-08-24 16:19:00+00:00,-0.25899999999819556,2.02,5.08,355.45,2.15,-0.21642948326003333
2026-08-24 16:20:00+00:00,-0.22299999999813735,1.55,5.07,356.12,2.33,-0.18408156902475079
2026-08-24 16:21:00+00:00,-0.22700000000622822,1.22,5.31,337.9,2.36,-0.15658182461526174
2026-08-24 16:22:00+00:00,-0.30500000000029104,0.82,5.3,354.97,2.38,-0.28073752062721324
2026-08-24 16:23:00+00:00,-0.29799999999522697,1.96,4.97,339.9,2.18,-0.20691426441642996
2026-08-24 16:24:00+00:00,-0.30200000000331784,1.94,4.95,352.96,2.03,-0.24347568973826722
2026-08-24 16:25:00+00:00,-0.22999999999592546,1.87,4.94,338.6,2.46,-0.1356168328988928
2026-08-24 16:26:00+00:00,-0.37400000000343425,0.46,5.44,353.89,2.37,-0.35713317150908647
2026-08-24 16:27:00+00:00,-0.17300000000250293,0.64,5.38,353.58,2.48,-0.15155927428766275
2026-08-24 16:28:00+00:00,-0.21499999999650754,0.94,5.26,353.83,2.49,-0.18544882225516707
2026-08-24 16:29:00+00:00,-0.2529999999969732,0.82,5.28,342.7,2.12,-0.19283354832638616
2026-08-24 16:30:00+00:00,-0.3760000000038417,0.74,5.26,339.4,2.33,-0.3073523686323151
2026-08-24 16:31:00+00:00,-0.29800000000250293,0.3,5.14,340.2,2.61,-0.226603894798239
2026-08-24 16:32:00+00:00,-0.31599999999889405,0.54,5.28,338.1,0.97,-0.2363712297251911
2026-08-24 16:33:00+00:00,-0.2139999999999418,1.8,5.24,338.81,0.88,-0.1295177911735909
2026-08-24 16:34:00+00:00,-0.19900000000052387,2.39,5.34,332.7,2.04,-0.11128323691016694
2026-08-24 16:35:00+00:00,-0.28299999999580905,2.59,4.82,332.8,2.26,-0.16174655477423133
2026-08-24 16:36:00+00:00,-0.17700000000331784,2.46,5.27,332.4,2.15,-0.08436873729325015
2026-08-24 16:37:00+00:00,-0.2239999999947031,2.4,5.24,338.07,1.35,-0.13914386733516976
2026-08-24 16:38:00+00:00,-0.20200000000477303,2.28,5.23,331.7,2.32,-0.1064917834898862
2026-08-24 16:39:00+00:00,-0.14699999999720603,2.47,5.31,332.0,2.31,-0.05705331746376063
2026-08-24 16:40:00+00:00,-0.21199999999953434,2.83,4.48,339.54,1.32,-0.07885868449104305
2026-08-24 16:41:00+00:00,-0.2620000000024447,2.28,5.17,330.5,2.37,-0.15961970138802356
2026-08-24 16:42:00+00:00,-0.18299999999726424,2.39,5.15,340.26,1.16,-0.09668894755957995
2026-08-24 16:43:00+00:00,-0.17399999999906868,2.45,5.28,332.7,2.19,-0.08314244759790794
2026-08-24 16:44:00+00:00,-0.22400000000197906,2.43,5.2,334.3,2.27,-0.13267306411631372
2026-08-24 16:45:00+00:00,-0.20300000000133878,0.23,4.82,333.4,2.35,-0.09043815383403325
2026-08-24 16:46:00+00:00,-0.13300000000162981,0.93,4.84,366.15,3.39,-0.11450944281828859
2026-08-24 16:47:00+00:00,-0.1929999999993015,0.64,4.84,368.07,3.02,-0.17787613547913744
2026-08-24 16:48:00+00:00,-0.16300000000046566,0.62,4.85,366.99,2.96,-0.14530079187850686
2026-08-24 16:49:00+00:00,-0.12700000000040745,0.5,4.87,331.6,2.01,-0.009885948147636311
2026-08-24 16:50:00+00:00,-0.06499999999505235,0.56,4.84,330.1,2.25,0.05663301909525299
2026-08-24 16:51:00+00:00,-0.13600000000587897,2.75,5.12,365.56,3.23,-0.12856605367118204
2026-08-24 16:52:00+00:00,-0.12599999999656575,0.51,4.92,365.29,3.21,-0.11047020110920708
2026-08-24 16:53:00+00:00,-0.06900000000314321,2.63,5.09,331.0,2.22,0.039390310072241
2026-08-24 16:54:00+00:00,-0.03800000000046566,1.76,4.74,334.0,3.01,0.07794309882865182
2026-08-24 16:55:00+00:00,-0.15399999999499414,0.11,4.96,366.41,2.77,-0.1421932007881213
2026-08-24 16:56:00+00:00,-0.08200000000215368,1.56,4.85,367.0,3.17,-0.06320214931416965
2026-08-24 16:57:00+00:00,-0.15099999999802094,1.13,4.61,348.1,2.88,-0.06484941801184455
2026-08-24 16:58:00+00:00,-0.14400000000023283,0.56,4.38,358.6,2.54,-0.0697244840237723
2026-08-24 16:59:00+00:00,-0.2550000000046566,-0.11,4.84,363.95,2.86,-0.2298226066435198
2026-08-24 17:00:00+00:00,-0.1599999999962165,-1.47,4.56,363.9,2.47,-0.11699675933088555
2026-08-24 17:01:00+00:00,-0.24199999999837019,0.48,4.85,353.6,2.47,-0.18553791312354218
2026-08-24 17:02:00+00:00,-0.16700000000128057,-0.96,4.75,363.47,2.94,-0.13740381421900646
2026-08-24 17:03:00+00:00,-0.23300000000017462,-1.09,4.86,358.76,2.66,-0.19660284878418585
2026-08-24 17:04:00+00:00,-0.15200000000186265,1.52,4.87,363.8,3.05,-0.12527385652260214
2026-08-24 17:05:00+00:00,-0.15799999999580905,-0.53,4.88,343.9,2.65,-0.08164893201733486
2026-08-24 17:06:00+00:00,-0.20500000000174623,-0.76,4.86,345.3,2.7,-0.13202619516463238
2026-08-24 17:07:00+00:00,-0.11400000000139698,-0.98,4.82,346.9,2.47,-0.041638483116380395
2026-08-24 17:08:00+00:00,-0.3510000000023865,1.82,5.23,342.6,2.48,-0.2869690891191669
2026-08-24 17:09:00+00:00,-0.04899999999906868,-0.62,4.86,343.9,2.6,0.028787339320816757
2026-08-24 17:10:00+00:00,-0.17100000000209548,2.03,5.34,362.56,2.64,-0.16816385854444993
2026-08-24 17:11:00+00:00,-0.010999999998603016,2.04,5.27,360.66,2.48,0.0027245855129108248
2026-08-24 17:12:00+00:00,-0.16500000000087311,1.91,5.34,342.6,2.67,-0.10939128630940823
2026-08-24 17:13:00+00:00,-0.007999999994353857,-0.4,4.8,341.5,2.73,0.0799146149628045
2026-08-24 17:14:00+00:00,-0.17300000000250293,-0.29,4.79,340.3,2.85,-0.0817391970809426
2026-08-24 17:15:00+00:00,-0.05200000000331784,0.67,4.78,336.5,2.9,0.052363926146055784
2026-08-24 17:16:00+00:00,-0.14999999999417923,1.0,4.77,363.86,3.12,-0.11865510240346407
2026-08-24 17:17:00+00:00,-0.08100000000558794,0.06,4.72,346.1,2.97,-0.0004181799929252744
2026-08-24 17:18:00+00:00,-0.1279999999969732,0.17,4.92,348.1,2.3,-0.06120515059140676
2026-08-24 17:19:00+00:00,-0.01299999999901047,1.32,5.21,340.4,2.28,0.05825549241280334
2026-08-24 17:20:00+00:00,0.03899999999703141,1.3,5.22,364.83,3.11,0.038551351135567395
2026-08-24 17:21:00+00:00,0.02500000000145519,0.89,5.37,345.7,2.14,0.07118897953750056
2026-08-24 17:22:00+00:00,-0.12000000000261934,0.84,5.44,366.01,3.21,-0.14026422492430587
2026-08-24 17:23:00+00:00,0.06300000000192085,0.85,5.45,360.38,2.25,0.06376245981244258
2026-08-24 17:24:00+00:00,0.04099999999743886,0.36,5.33,346.6,2.2,0.08559341034542375
2026-08-24 17:25:00+00:00,0.10900000000401633,0.38,5.06,351.1,3.03,0.1539526446584627
2026-08-24 17:26:00+00:00,0.016999999999825377,-1.77,4.77,351.9,2.87,0.0744233332794832
2026-08-24 17:27:00+00:00,-0.004000000000814907,-0.14,4.9,369.68,3.51,-0.0027110357846032865
2026-08-24 17:28:00+00:00,0.05500000000029104,-1.1,4.68,349.3,3.12,0.12549528553391553
2026-08-24 17:29:00+00:00,0.023000000001047738,-0.93,4.83,348.6,2.8,0.08800985920441357
2026-08-24 17:30:00+00:00,0.027999999998428393,-1.37,4.94,348.1,2.83,0.08557588223684384
2026-08-24 17:31:00+00:00,-0.049999999995634425,-0.96,4.91,360.43,1.4,-0.012346630182235592
2026-08-24 17:32:00+00:00,0.08999999999650754,-1.74,4.96,365.66,2.41,0.10122691897003211
2026-08-24 17:33:00+00:00,0.07499999999708962,-0.33,5.04,351.9,2.75,0.11914204269467688
2026-08-24 17:34:00+00:00,-0.16300000000046566,-0.2,5.09,351.0,2.59,-0.11833653023559236
2026-08-24 17:35:00+00:00,0.1230000000068685,-0.36,5.18,350.5,2.57,0.16267972467886682
2026-08-24 17:36:00+00:00,-0.04500000000552973,-0.66,5.16,367.16,3.61,-0.05648420333076851
2026-08-24 17:37:00+00:00,0.06300000000192085,0.07,5.05,351.1,2.49,0.111502130229259
2026-08-24 17:38:00+00:00,0.11899999999877764,-1.5,5.32,349.5,1.85,0.15383747741274667
2026-08-24 17:39:00+00:00,-0.046999999998661224,0.9,5.23,366.75,3.08,-0.05413423072723948
2026-08-24 17:40:00+00:00,0.2620000000024447,-1.21,5.48,365.53,2.68,0.2383860092527845
2026-08-24 17:41:00+00:00,-0.03900000000430737,-0.83,5.48,351.2,1.93,-0.018119506092265498
2026-08-24 17:42:00+00:00,0.031000000002677552,0.58,5.58,361.81,2.16,0.01913119303533729
2026-08-24 17:43:00+00:00,0.09799999999813735,1.28,5.16,345.3,1.97,0.1615443156699205
2026-08-24 17:44:00+00:00,0.147000000004482,0.86,5.66,341.1,1.85,0.18800164041361106
2026-08-24 17:45:00+00:00,0.04499999999825377,2.69,5.44,344.8,1.94,0.09522573113632447
2026-08-24 17:46:00+00:00,0.08999999999650754,1.22,5.73,353.31,0.79,0.10201910013688799
2026-08-24 17:47:00+00:00,-0.08099999999831198,2.0,5.36,355.75,1.21,-0.05151732530809086
2026-08-24 17:48:00+00:00,0.05700000000069849,2.17,5.43,343.1,1.73,0.11246043774731873
2026-08-24 17:49:00+00:00,0.040000000000873115,1.67,5.76,344.3,1.79,0.06840180798267409
2026-08-24 17:50:00+00:00,0.013999999995576218,2.61,5.69,344.0,2.2,0.04762811717165406
2026-08-24 17:51:00+00:00,0.1220000000030268,1.11,6.01,341.6,1.87,0.13880667824723064
2026-08-24 17:52:00+00:00,0.016999999999825377,2.25,5.86,346.2,1.77,0.035367367030984836
2026-08-24 17:53:00+00:00,0.07100000000355067,2.01,5.93,362.43,2.19,0.037780370951870576
2026-08-24 17:54:00+00:00,-0.00900000000547152,1.49,6.26,362.82,2.32,-0.06765329257796562
2026-08-24 17:55:00+00:00,-0.004999999997380655,1.31,5.91,365.57,2.74,-0.05098599040029912
2026-08-24 17:56:00+00:00,0.22000000000116415,1.35,6.01,363.76,2.68,0.17268462385735084
2026-08-24 17:57:00+00:00,0.049999999995634425,1.29,6.44,349.1,1.99,0.017683611218263957
2026-08-24 17:58:00+00:00,0.06799999999930151,1.14,6.53,349.8,1.83,0.02848944595853479
2026-08-24 17:59:00+00:00,0.10700000000360887,1.08,6.59,346.3,1.87,0.07238386810114215
2026-08-24 18:00:00+00:00,-0.052999999999883585,1.43,6.44,365.05,2.63,-0.13195263445991276
2026-08-24 18:01:00+00:00,0.08899999999994179,1.28,6.39,360.35,1.93,0.030368255524839086
2026-08-24 18:02:00+00:00,0.10599999999976717,1.31,6.38,357.73,1.75,0.05636007660619556
2026-08-24 18:03:00+00:00,-0.008000000001629815,1.59,6.44,347.9,1.77,-0.034769592642501054
2026-08-24 18:04:00+00:00,0.1620000000038999,1.87,6.37,349.1,1.78,0.13740502548589598
2026-08-24 18:05:00+00:00,0.14800000000104774,2.61,6.22,351.3,2.01,0.1279997950934734
2026-08-24 18:06:00+00:00,-0.01600000000325963,1.78,6.22,349.0,2.32,-0.034273430251082954
2026-08-24 18:07:00+00:00,0.28399999999965075,1.39,6.27,365.8,2.8,0.21312920922825535
2026-08-24 18:08:00+00:00,0.091999999996915,1.05,5.88,362.36,2.79,0.05553556222956603
2026-08-24 18:09:00+00:00,0.2220000000015716,1.06,6.31,352.0,2.13,0.1890348123871449
2026-08-24 18:10:00+00:00,-0.09500000000116415,1.22,6.34,350.5,2.06,-0.1250432773958335
2026-08-24 18:11:00+00:00,0.30200000000331784,0.77,6.16,361.18,3.42,0.24484256184127126
2026-08-24 18:12:00+00:00,0.1820000000006985,0.75,6.17,362.35,2.99,0.12396458297943094
2026-08-24 18:13:00+00:00,0.19900000000052387,1.05,5.91,358.63,2.61,0.17173469862629595
2026-08-24 18:14:00+00:00,0.28800000000046566,1.65,5.93,374.06,1.46,0.22777546798183212
2026-08-24 18:15:00+00:00,0.16500000000087311,0.24,6.37,359.2,2.01,0.10737447940251331
2026-08-24 18:16:00+00:00,0.10800000000017462,0.02,6.39,356.6,1.73,0.05731229220932689
2026-08-24 18:17:00+00:00,0.04499999999825377,1.06,5.95,358.0,2.57,0.01704597519917083
2026-08-24 18:18:00+00:00,0.004000000000814907,0.52,5.88,351.9,2.39,-0.0032174081768775982
2026-08-24 18:19:00+00:00,0.2139999999999418,0.06,6.25,361.2,3.1,0.15103514321394174
2026-08-24 18:20:00+00:00,0.13899999999557622,-0.33,6.37,358.85,2.68,0.07611891491807248
2026-08-24 18:21:00+00:00,0.1870000000053551,0.63,6.08,355.3,2.2,0.15894074815251868
2026-08-24 18:22:00+00:00,0.20499999999447027,0.73,6.1,353.7,2.42,0.17863077870055244
2026-08-24 18:23:00+00:00,0.13100000000122236,-0.8,6.45,351.0,2.12,0.0863148487397924
2026-08-24 18:24:00+00:00,0.16700000000128057,0.06,6.42,352.0,2.24,0.12317817371762076
2026-08-24 18:25:00+00:00,0.14299999999639113,0.37,6.31,359.84,3.18,0.07995175250917817
2026-08-24 18:26:00+00:00,0.1230000000068685,0.46,5.85,359.47,3.32,0.09098233520287252
2026-08-24 18:27:00+00:00,0.0639999999984866,-0.66,6.43,353.3,1.4,0.019866926566034428
2026-08-24 18:28:00+00:00,0.17399999999906868,-0.44,6.61,353.4,1.23,0.11933944469038184
2026-08-24 18:29:00+00:00,0.16199999999662396,0.17,5.89,354.2,1.32,0.15440334597915262
2026-08-24 18:30:00+00:00,0.033999999999650754,-0.13,5.98,352.8,1.62,0.021229111542439685
2026-08-24 18:31:00+00:00,0.27000000000407454,0.37,6.37,355.6,1.8,0.2237961819037424
2026-08-24 18:32:00+00:00,0.26299999999901047,0.53,6.4,354.9,1.68,0.2179268670838376
2026-08-24 18:33:00+00:00,0.24799999999959255,0.69,6.16,359.47,3.09,0.19746995637864587
2026-08-24 18:34:00+00:00,0.13500000000203727,0.6,6.18,358.79,3.4,0.08256048150325393
2026-08-24 18:35:00+00:00,0.24199999999837019,0.71,5.86,354.7,2.04,0.23158038364425493
2026-08-24 18:36:00+00:00,0.2620000000024447,1.02,5.91,362.28,3.78,0.21682192354050905
2026-08-24 18:37:00+00:00,0.13799999999901047,1.5,6.11,357.0,2.62,0.1028770201271833
2026-08-24 18:38:00+00:00,0.14099999999598367,2.83,6.32,368.52,3.82,0.0564210868939493
2026-08-24 18:39:00+00:00,0.23700000000098953,2.77,6.16,353.0,2.14,0.21601246882415343
2026-08-24 18:40:00+00:00,0.2669999999998254,1.41,5.85,367.0,4.11,0.2120175791623014
2026-08-24 18:41:00+00:00,0.11899999999877764,2.96,6.07,357.5,2.17,0.09232624958698807
2026-08-24 18:42:00+00:00,0.3000000000029104,3.32,5.97,374.98,2.13,0.23459156013760285
2026-08-24 18:43:00+00:00,0.19700000000011642,3.56,5.77,360.2,2.11,0.18523662817422698
2026-08-24 18:44:00+00:00,0.08200000000215368,3.68,5.68,368.24,0.8,0.06416061304687196
2026-08-24 18:45:00+00:00,0.2959999999948195,3.5,5.76,359.7,2.2,0.2854546369424611
2026-08-24 18:46:00+00:00,0.22100000000500586,3.81,6.19,362.2,2.24,0.1755943307886454
2026-08-24 18:47:00+00:00,0.000999999996565748,3.87,6.16,362.6,2.17,-0.04281972690992106
2026-08-24 18:48:00+00:00,0.18800000000192085,3.14,5.79,369.91,1.54,0.15175240780035076
2026-08-24 18:49:00+00:00,-0.12800000000424916,3.43,5.75,371.43,1.74,-0.16621899089248293
2026-08-24 18:50:00+00:00,-0.04799999999522697,3.53,5.97,357.6,2.19,-0.0668293597168067
2026-08-24 18:51:00+00:00,-0.1569999999992433,2.84,6.24,376.24,2.74,-0.24935930133534903
2026-08-24 18:52:00+00:00,-0.1610000000000582,4.16,5.81,358.0,2.17,-0.16833291243838347
2026-08-24 18:53:00+00:00,0.011999999995168764,2.73,6.32,383.2,2.54,-0.10321782467868279
2026-08-24 18:54:00+00:00,-0.10099999999511056,1.85,6.29,375.34,2.7,-0.19673610735036004
2026-08-24 18:55:00+00:00,-0.09100000000034925,2.57,6.12,356.9,2.13,-0.12020752849235035
2026-08-24 18:56:00+00:00,-0.13599999999860302,2.56,6.1,357.9,2.21,-0.16712082312882384
2026-08-24 18:57:00+00:00,0.17699999999604188,3.26,6.3,357.7,2.35,0.13398937306639844
2026-08-24 18:58:00+00:00,-0.023000000001047738,2.59,6.03,383.06,4.49,-0.13230399000601142
2026-08-24 18:59:00+00:00,0.0900000000037835,3.34,6.4,379.34,4.36,-0.031159398202273786
2026-08-24 19:00:00+00:00,-0.018000000003667083,3.59,5.88,375.5,3.73,-0.08909113342715738
2026-08-24 19:01:00+00:00,0.16500000000087311,3.48,5.93,358.4,2.07,0.14740097754124093
2026-08-24 19:02:00+00:00,-0.008000000001629815,2.94,6.12,357.5,2.05,-0.037243401287913244
2026-08-24 19:03:00+00:00,0.05200000000331784,1.75,6.57,376.2,3.22,-0.06862434161573917
2026-08-24 19:04:00+00:00,-0.006000000001222361,2.6,6.03,359.8,2.14,-0.03692081992187511
2026-08-24 19:05:00+00:00,-0.05700000000069849,3.1,6.05,379.21,3.38,-0.14829364106030685
2026-08-24 19:06:00+00:00,-0.09799999999813735,2.78,6.31,373.42,3.92,-0.19582476177676558
2026-08-24 19:07:00+00:00,-0.0639999999984866,2.4,6.47,356.6,2.1,-0.11607145854833603
2026-08-24 19:08:00+00:00,0.04099999999743886,2.51,6.52,370.96,3.64,-0.06310427865264717
2026-08-24 19:09:00+00:00,-0.029999999998835847,2.67,6.49,352.9,2.03,-0.07230363860520955
2026-08-24 19:10:00+00:00,-0.004000000000814907,4.48,5.73,373.41,3.99,-0.058834912473610876
2026-08-24 19:11:00+00:00,0.15899999999965075,4.24,5.72,362.0,2.12,0.14756743933999278
2026-08-24 19:12:00+00:00,0.031000000002677552,3.46,5.63,369.5,2.37,0.0016909389945237337
2026-08-24 19:13:00+00:00,0.01999999999679858,2.83,5.69,373.69,3.84,-0.036393229817919134
2026-08-24 19:14:00+00:00,0.11600000000180444,2.83,5.73,368.86,2.78,0.07715394658250906
2026-08-24 19:15:00+00:00,0.13700000000244472,2.15,6.4,362.26,3.29,0.06558776119590594
2026-08-24 19:16:00+00:00,0.08999999999650754,2.25,6.12,365.2,2.05,0.03830073489493124
2026-08-24 19:17:00+00:00,0.008999999998195563,3.24,7.04,361.3,1.63,-0.08819462367030736
2026-08-24 19:18:00+00:00,0.016999999999825377,3.29,7.08,361.5,1.42,-0.08181613085579957
2026-08-24 19:19:00+00:00,0.0319999999992433,3.06,6.47,357.3,1.35,-0.014951394697522963
2026-08-24 19:20:00+00:00,-0.07799999999406282,2.61,6.47,357.6,1.31,-0.12670950659329916
2026-08-24 19:21:00+00:00,0.1529999999984284,2.71,6.78,379.36,5.85,-0.005644846635468076
2026-08-24 19:22:00+00:00,-0.043000000005122274,3.06,6.45,375.05,4.39,-0.15702012278651017
2026-08-24 19:23:00+00:00,0.10900000000401633,3.02,6.53,376.04,4.5,-0.013883738180362037
2026-08-24 19:24:00+00:00,-0.012000000002444722,2.72,6.94,355.2,1.4,-0.08605153011222706
2026-08-24 19:25:00+00:00,-0.11499999999796273,1.88,6.37,375.38,4.56,-0.22895946920049712
2026-08-24 19:26:00+00:00,0.20100000000093132,1.74,6.43,374.32,2.73,0.09811678803881359
2026-08-24 19:27:00+00:00,-0.0930000000007567,1.52,6.46,357.2,2.33,-0.15000556262670192
2026-08-24 19:28:00+00:00,-0.08499999999912689,1.02,6.44,384.45,5.82,-0.23892541821084418
2026-08-24 19:29:00+00:00,0.10699999999633292,1.13,6.39,359.9,2.76,0.043425487852076616
2026-08-24 19:30:00+00:00,0.06599999999889405,0.62,6.29,359.2,3.03,0.0077198564105014425
2026-08-24 19:31:00+00:00,0.14200000000710133,0.88,6.64,379.13,4.62,-0.003186243909104186
2026-08-24 19:32:00+00:00,0.15899999999965075,0.46,6.65,382.1,5.45,-0.0016717357444175074
2026-08-24 19:33:00+00:00,0.14699999999720603,0.75,6.65,357.6,2.34,0.07404051498172635
2026-08-24 19:34:00+00:00,0.14499999999679858,0.8,6.64,369.34,3.64,0.032511139845431386
2026-08-24 19:35:00+00:00,0.010000000002037268,0.38,6.67,373.83,4.26,-0.1219207875931545
2026-08-24 19:36:00+00:00,0.27300000000104774,0.87,6.5,377.1,4.81,0.14125813471627693
2026-08-24 19:37:00+00:00,0.30200000000331784,0.59,6.51,359.6,2.59,0.23089613330910153
2026-08-24 19:38:00+00:00,0.2139999999999418,1.14,6.69,360.8,2.76,0.1279864589335707
2026-08-24 19:39:00+00:00,-0.18800000000192085,0.68,6.09,367.36,3.39,-0.2570209223788286
2026-08-24 19:40:00+00:00,-0.34799999999813735,1.61,6.62,368.55,4.44,-0.4603479954113443
2026-08-24 19:41:00+00:00,0.2989999999990687,1.59,6.75,362.1,2.62,0.20770220497963388
2026-08-24 19:42:00+00:00,0.17699999999604188,0.16,6.13,360.2,2.6,0.12845900212966876
2026-08-24 19:43:00+00:00,0.09100000000034925,0.07,6.13,372.06,4.56,-0.0030024939229967296
2026-08-24 19:44:00+00:00,0.2190000000045984,1.28,6.4,361.7,2.92,0.14925513790901188
2026-08-24 19:45:00+00:00,0.011999999995168764,0.53,6.2,367.67,5.29,-0.07874126079832924
2026-08-24 19:46:00+00:00,0.3190000000031432,1.1,6.51,359.3,2.99,0.24733182977608326
2026-08-24 19:47:00+00:00,0.0639999999984866,0.83,6.11,364.8,2.82,0.004827308935393369
2026-08-24 19:48:00+00:00,-0.0010000000038417056,0.93,6.6,361.2,2.89,-0.08353654727377083
2026-08-24 19:49:00+00:00,0.17000000000552973,0.76,6.69,363.9,3.0,0.07300779848729583
2026-08-24 19:50:00+00:00,0.027999999998428393,1.32,6.54,362.1,2.99,-0.05254971727965199
2026-08-24 19:51:00+00:00,0.17100000000209548,0.67,6.36,359.3,2.88,0.10894467949729064
2026-08-24 19:52:00+00:00,0.11999999999534339,0.84,6.32,369.72,4.64,0.02109822174329945
2026-08-24 19:53:00+00:00,0.260999999998603,2.49,6.47,370.63,4.49,0.1551943486232401
2026-08-24 19:54:00+00:00,0.013000000006286427,1.97,6.36,362.6,2.33,-0.05050697153294234
2026-08-24 19:55:00+00:00,0.0959999999977299,2.19,6.83,359.5,2.77,0.00690423235810364
2026-08-24 19:56:00+00:00,0.23900000000139698,1.87,7.01,373.83,4.88,0.0841417976294414
2026-08-24 19:57:00+00:00,0.011999999995168764,1.15,6.24,361.7,2.76,-0.04629572969934038
2026-08-24 19:58:00+00:00,-0.1879999999946449,1.86,7.04,359.7,2.83,-0.29299265459117685
2026-08-24 19:59:00+00:00,0.09500000000116415,1.14,6.13,361.8,2.71,0.04411151973232172
2026-08-24 20:00:00+00:00,0.24799999999959255,1.0,6.16,362.3,2.89,0.19214277734222945
2026-08-24 20:01:00+00:00,0.2489999999961583,1.17,6.24,360.4,2.88,0.19340213880781998
2026-08-24 20:02:00+00:00,0.4499999999970896,1.07,6.17,359.2,3.08,0.40063275144749216
2026-08-24 20:03:00+00:00,-0.06199999999807915,1.84,6.85,357.3,2.93,-0.14862199397877113
2026-08-24 20:04:00+00:00,0.005000000004656613,1.67,6.61,359.3,2.86,-0.07089567553885222
2026-08-24 20:05:00+00:00,0.0,1.43,6.58,358.2,2.92,-0.07202372757373388
2026-08-24 20:06:00+00:00,0.1669999999940046,1.24,6.53,360.3,2.28,0.09661180416853811
2026-08-24 20:07:00+00:00,0.2910000000047148,1.36,6.34,357.5,2.71,0.23815483069946827
2026-08-24 20:08:00+00:00,0.1919999999954598,1.32,6.41,358.9,2.39,0.13283534954520212
2026-08-24 20:09:00+00:00,0.20700000000215368,1.01,6.2,359.6,2.89,0.15570624163068367
2026-08-24 20:10:00+00:00,0.05200000000331784,1.93,6.77,369.96,3.32,-0.06553137670182158
2026-08-24 20:11:00+00:00,-0.10200000000622822,0.68,6.17,357.0,3.41,-0.14883991831439414
2026-08-24 20:12:00+00:00,-0.07399999999324791,1.12,6.44,358.5,3.39,-0.14155859395193773
2026-08-24 20:13:00+00:00,0.16499999999359716,0.5,6.11,357.6,3.46,0.11973149140258549
2026-08-24 20:14:00+00:00,0.19800000000395812,0.72,6.01,358.2,3.61,0.1573833168626343
2026-08-24 20:15:00+00:00,0.2180000000007567,0.43,5.99,390.79,7.43,0.06449741132435755
2026-08-24 20:16:00+00:00,0.30099999999947613,1.9,6.38,358.6,3.59,0.23794283562699262
2026-08-24 20:17:00+00:00,-0.14600000000064028,1.56,6.39,358.1,3.62,-0.20952951924554464
2026-08-24 20:18:00+00:00,0.29099999999743886,1.45,6.48,358.5,3.65,0.21987466556156393
2026-08-24 20:19:00+00:00,0.5970000000015716,0.9,6.33,364.52,5.52,0.5054029720403879
2026-08-24 20:20:00+00:00,0.28900000000430737,0.45,6.04,358.2,3.45,0.2467423889815878
2026-08-24 20:21:00+00:00,0.27199999999720603,0.81,6.12,353.44,2.37,0.2455522937166079
2026-08-24 20:22:00+00:00,0.39699999999720603,1.14,6.32,351.8,1.64,0.36750431169496667
2026-08-24 20:23:00+00:00,0.260999999998603,-0.17,5.99,357.5,1.4,0.23641783213172402
2026-08-24 20:24:00+00:00,0.33000000000174623,1.39,6.66,359.1,1.51,0.25985302404577476
2026-08-24 20:25:00+00:00,0.32400000000052387,-1.57,5.86,362.24,5.08,0.26619455930682623
2026-08-24 20:26:00+00:00,0.29200000000128057,2.41,7.13,362.75,4.92,0.1599124043589749
2026-08-24 20:27:00+00:00,0.22699999999895226,2.54,7.34,355.0,1.45,0.1258936372421881
2026-08-24 20:28:00+00:00,0.08699999999953434,1.99,6.58,358.6,1.42,0.02580444499685043
2026-08-24 20:29:00+00:00,-0.004000000000814907,1.99,6.58,358.6,1.42,-0.06519555500349881
2026-08-24 20:30:00+00:00,0.46700000000419095,2.36,6.45,358.2,1.51,0.41595885732438354
2026-08-24 20:31:00+00:00,0.760999999998603,2.18,6.54,354.8,1.34,0.7137017338435823
2026-08-24 20:32:00+00:00,0.4400000000023283,2.95,7.15,358.4,1.6,0.342606797075268
2026-08-24 20:33:00+00:00,0.3349999999991269,3.28,7.25,356.7,1.41,0.2376763780315317
2026-08-24 20:34:00+00:00,0.47999999999592546,2.55,6.25,355.3,1.39,0.4514288906685625
2026-08-24 20:35:00+00:00,0.5030000000042492,1.37,6.96,357.4,1.38,0.4181738221647995
2026-08-24 20:36:00+00:00,0.4349999999976717,2.46,6.26,372.68,5.59,0.3300822806901198
2026-08-24 20:37:00+00:00,0.040000000000873115,2.74,7.04,377.37,6.63,-0.136023653303726
2026-08-24 20:38:00+00:00,0.02599999999802094,2.49,6.14,377.51,7.34,-0.09579906586994645
2026-08-24 20:39:00+00:00,0.046999999998661224,2.59,6.37,375.84,7.11,-0.08385744453631133
2026-08-24 20:40:00+00:00,0.17399999999906868,2.52,6.28,357.8,1.44,0.136318072886846
2026-08-24 20:41:00+00:00,0.3000000000029104,1.99,6.97,358.9,1.45,0.21171441887735248
2026-08-24 20:42:00+00:00,0.7779999999984284,2.23,6.2,357.3,1.51,0.7457252448238046
2026-08-24 20:43:00+00:00,0.8689999999987776,2.15,6.56,355.3,1.37,0.8187393809958691
2026-08-24 20:44:00+00:00,0.669000000001688,2.1,6.57,373.86,6.11,0.5356206121401036
2026-08-24 20:45:00+00:00,0.5990000000019791,2.01,6.57,365.75,2.84,0.5096227651219088
2026-08-24 20:46:00+00:00,0.38799999999901047,1.83,7.02,356.2,1.99,0.29941298933045724
2026-08-24 20:47:00+00:00,0.4749999999985448,1.91,7.17,356.4,1.62,0.37862262145678083
2026-08-24 20:48:00+00:00,0.20600000000558794,2.29,6.16,356.2,1.93,0.17660123936401012
2026-08-24 20:49:00+00:00,0.09699999999429565,1.07,7.04,373.4,7.81,-0.08114851638996659
2026-08-24 20:50:00+00:00,0.27700000000186265,1.06,6.91,372.3,5.17,0.1286926210874201
2026-08-24 20:51:00+00:00,0.27700000000186265,1.17,7.02,360.2,2.46,0.17267449487369657
2026-08-24 20:52:00+00:00,0.15099999999802094,0.4,6.1,359.8,2.38,0.10771102616507025
2026-08-24 20:53:00+00:00,0.34900000000197906,1.44,6.75,376.83,6.23,0.19301313638954473
2026-08-24 20:54:00+00:00,0.2679999999963911,0.73,6.54,381.16,6.08,0.11358307353230507
2026-08-24 20:55:00+00:00,0.28900000000430737,2.13,6.62,379.46,4.95,0.14541585386505873
2026-08-24 20:56:00+00:00,0.1879999999946449,1.28,6.38,357.3,1.7,0.1397716913128359
2026-08-24 20:57:00+00:00,-0.06099999999423744,-0.36,6.78,359.7,1.85,-0.1479189780340447
2026-08-24 20:58:00+00:00,-0.13200000000506407,1.12,6.55,360.2,1.88,-0.20102432898944417
2026-08-24 20:59:00+00:00,0.11100000000442378,1.34,6.73,382.62,7.1,-0.06539704308737085
2026-08-24 21:00:00+00:00,0.1349999999947613,1.5,6.61,357.2,1.87,0.07108589139647677
2026-08-24 21:01:00+00:00,0.3510000000023865,-0.45,6.49,379.53,6.98,0.19482940986406933
2026-08-24 21:02:00+00:00,0.29800000000250293,0.41,6.04,349.2,3.96,0.2761467176449962
2026-08-24 21:03:00+00:00,0.3499999999985448,0.32,5.91,375.41,5.53,0.25574753659707083
2026-08-24 21:04:00+00:00,0.31999999999970896,-1.4,6.4,362.94,2.07,0.24547072365312372
2026-08-24 21:05:00+00:00,0.20700000000215368,-0.91,6.48,383.05,8.98,0.027020655621762035
2026-08-24 21:06:00+00:00,0.1500000000014552,-1.12,6.59,357.6,3.73,0.06632647965782489
2026-08-24 21:07:00+00:00,0.2729999999937718,-0.77,6.01,355.3,3.93,0.23383479099268298
2026-08-24 21:08:00+00:00,0.19900000000052387,-2.03,6.71,378.55,6.86,0.027233157467229846
2026-08-24 21:09:00+00:00,0.18100000000413274,-2.18,6.78,352.1,3.82,0.09578277017337244
2026-08-24 21:10:00+00:00,0.216999999996915,-0.96,6.14,384.48,8.04,0.0622956132269305
2026-08-24 21:11:00+00:00,0.010999999998603016,-1.98,7.21,352.1,3.43,-0.09973165323778252
2026-08-24 21:12:00+00:00,0.040000000000873115,-2.37,7.24,384.79,8.26,-0.1944794408649466
2026-08-24 21:13:00+00:00,0.14100000000325963,-2.86,7.17,389.49,8.9,-0.10711464049722688
2026-08-24 21:14:00+00:00,0.21199999999953434,-1.1,6.08,387.41,8.6,0.04923071006308313
2026-08-24 21:15:00+00:00,0.34399999999732245,-1.3,6.13,352.2,3.58,0.3060544304085235
2026-08-24 21:16:00+00:00,0.5310000000026776,-1.81,6.33,354.2,3.4,0.4741835232567214
2026-08-24 21:17:00+00:00,0.4459999999962747,-1.97,6.31,349.9,3.42,0.40142874250877475
2026-08-24 21:18:00+00:00,0.364000000001397,-4.0,7.2,350.8,3.43,0.25187343520955396
2026-08-24 21:19:00+00:00,0.27300000000104774,-1.39,6.24,386.41,6.71,0.11446255062082347
2026-08-24 21:20:00+00:00,0.29499999999825377,-3.22,6.99,371.0,6.0,0.1273519569936756
2026-08-24 21:21:00+00:00,0.19700000000011642,-1.78,6.0,355.7,3.61,0.1568779265715926
2026-08-24 21:22:00+00:00,0.22100000000500586,-3.98,7.17,383.17,6.82,0.0010637864349648807
2026-08-24 21:23:00+00:00,0.17099999999481952,-1.83,5.95,369.9,3.11,0.09961364133793287
2026-08-24 21:24:00+00:00,0.11100000000442378,-3.94,7.26,358.2,3.55,-0.025567365200942965
2026-08-24 21:25:00+00:00,-0.16900000000168802,-4.79,7.24,358.7,3.44,-0.30713473732819185
2026-08-24 21:26:00+00:00,-0.05700000000069849,-2.58,5.84,385.65,7.11,-0.19278161934600277
2026-08-24 21:27:00+00:00,0.07699999999749707,-2.28,5.79,381.59,7.98,-0.04978222182382466
2026-08-24 21:28:00+00:00,0.005000000004656613,-3.62,7.24,356.0,3.64,-0.12409891686123534
2026-08-24 21:29:00+00:00,0.07099999999627471,-3.45,7.54,357.5,3.8,-0.08280720400955491
2026-08-24 21:30:00+00:00,0.16500000000087311,-3.29,8.04,353.5,4.13,-0.013403134379798537
2026-08-24 21:31:00+00:00,0.19600000000355067,-3.47,8.06,355.2,4.06,0.01170930746721388
2026-08-24 21:32:00+00:00,0.25,-1.93,5.61,375.49,7.12,0.15844708473388175
2026-08-24 21:33:00+00:00,0.5009999999965657,-2.63,5.69,384.52,12.13,0.34345307963563887
2026-08-24 21:34:00+00:00,0.43800000000192085,-2.87,5.72,356.4,3.86,0.4100195585714846
2026-08-24 21:35:00+00:00,0.41300000000046566,-2.99,8.23,365.0,4.63,0.1885447418155022
2026-08-24 21:36:00+00:00,0.34100000000034925,-3.0,8.25,363.1,4.56,0.1207378459898154
2026-08-24 21:37:00+00:00,0.3600000000005821,-2.85,6.7,377.9,9.45,0.17049932028079173
2026-08-24 21:38:00+00:00,0.2679999999963911,-2.46,8.42,366.1,4.78,0.02831673621100303
2026-08-24 21:39:00+00:00,0.14199999999982538,-3.48,8.38,369.1,5.16,-0.10844079798445422
2026-08-24 21:40:00+00:00,0.01600000000325963,-4.66,8.67,368.4,4.43,-0.2501561841039267
2026-08-24 21:41:00+00:00,0.11699999999837019,-1.26,6.9,367.6,4.34,-0.018710235818724164
2026-08-24 21:42:00+00:00,-0.22600000000238651,-1.83,8.02,368.9,4.74,-0.44440832879966075
2026-08-24 21:43:00+00:00,-0.6849999999976717,-1.87,6.87,364.8,3.38,-0.8062658807255741
2026-08-24 21:44:00+00:00,0.17599999999947613,-1.87,7.04,364.4,3.81,0.041463151338177406
2026-08-24 21:45:00+00:00,0.2649999999994179,-2.2,7.02,382.66,8.21,0.051733250597619324
2026-08-24 21:46:00+00:00,0.24799999999959255,-2.54,8.52,365.2,3.51,0.01258664400744297
2026-08-24 21:47:00+00:00,0.5250000000014552,-2.38,7.13,371.11,4.56,0.3599448919195254
2026-08-24 21:48:00+00:00,-0.1929999999993015,-2.49,7.08,362.6,3.32,-0.3237186873011615
2026-08-24 21:49:00+00:00,-0.12000000000261934,-2.36,8.75,364.6,3.25,-0.366902991989292
2026-08-24 21:50:00+00:00,-0.059999999997671694,-2.92,8.92,364.9,3.16,-0.3199860407638769
2026-08-24 21:51:00+00:00,-0.3220000000001164,-0.75,8.98,365.6,3.33,-0.583095730525679
2026-08-24 21:52:00+00:00,-0.20700000000215368,-2.05,7.07,363.8,3.22,-0.33835827875987534
2026-08-24 21:53:00+00:00,0.5140000000028522,-0.44,9.17,364.1,3.0,0.2473331710185016
2026-08-24 21:54:00+00:00,0.3059999999968568,-1.42,7.08,365.1,2.99,0.17381624510183027
2026-08-24 21:55:00+00:00,-0.021999999997206032,-0.23,9.3,376.78,7.19,-0.359594683682474
2026-08-24 21:56:00+00:00,-0.19800000000395812,-2.79,7.27,367.4,2.96,-0.3525800936366601
2026-08-24 21:57:00+00:00,-0.32599999999365536,-3.09,7.45,378.96,6.19,-0.5466265141500637
2026-08-24 21:58:00+00:00,0.125,-0.73,9.39,368.95,3.59,-0.17420314163498352
2026-08-24 21:59:00+00:00,0.049999999995634425,-0.93,7.19,360.4,3.59,-0.07978937402337188
2026-08-24 22:00:00+00:00,0.23600000000442378,-0.64,7.01,361.8,3.68,0.11468219866551153
2026-08-24 22:01:00+00:00,0.6929999999993015,-0.17,7.09,356.2,3.65,0.5827837141818242
2026-08-24 22:02:00+00:00,0.341999999996915,0.59,8.73,360.7,3.59,0.11258614100386921
2026-08-24 22:03:00+00:00,0.2529999999969732,8.14,8.96,372.82,2.97,0.000808091116905163
2026-08-24 22:04:00+00:00,0.4440000000031432,8.31,9.05,399.71,6.22,0.0919873628203337
2026-08-24 22:05:00+00:00,0.3110000000015134,8.47,9.01,359.3,3.7,0.08743475572016762
2026-08-24 22:06:00+00:00,0.44799999999668216,8.53,8.89,363.4,3.73,0.22146686353089437
2026-08-24 22:07:00+00:00,0.26600000000325963,8.54,8.82,358.4,3.32,0.06036168210351997
2026-08-24 22:08:00+00:00,0.027000000001862645,-0.11,6.91,371.89,2.03,-0.1017278850397744
2026-08-24 22:09:00+00:00,0.016999999999825377,8.35,8.7,374.69,1.87,-0.2146243793803932
2026-08-24 22:10:00+00:00,-0.02800000000570435,-0.64,6.81,360.7,3.42,-0.1312087396981524
2026-08-24 22:11:00+00:00,-0.09799999999813735,8.2,8.66,364.9,1.63,-0.29955563529576024
2026-08-24 22:12:00+00:00,0.0900000000037835,-0.01,6.91,358.7,3.07,-0.010410533313776477
2026-08-24 22:13:00+00:00,0.06999999999970896,7.89,8.62,357.6,3.19,-0.12100979673337761
2026-08-24 22:14:00+00:00,0.046999999998661224,0.07,6.91,375.06,1.82,-0.08825030491761585
2026-08-24 22:15:00+00:00,-0.05500000000029104,0.29,6.88,359.3,2.97,-0.15349380501174528
2026-08-24 22:16:00+00:00,0.2669999999998254,0.2,6.93,363.0,3.0,0.15482666376538018
2026-08-24 22:17:00+00:00,0.5889999999999418,0.16,6.95,369.46,1.64,0.4675210611628282
2026-08-24 22:18:00+00:00,0.7469999999957508,0.36,6.93,370.98,1.54,0.6240378755722291
2026-08-24 22:19:00+00:00,0.6510000000052969,0.55,6.83,356.8,2.96,0.5633085125906164
2026-08-24 22:20:00+00:00,0.6339999999981956,7.27,8.49,357.3,3.11,0.45133885040364685
2026-08-24 22:21:00+00:00,0.46300000000337604,1.14,6.76,362.4,2.87,0.36727204625110477
2026-08-24 22:22:00+00:00,0.4599999999991269,7.02,8.38,361.7,2.96,0.2732948542034783
2026-08-24 22:23:00+00:00,0.5119999999951688,7.08,8.27,361.4,3.02,0.33320237561114785
2026-08-24 22:24:00+00:00,0.4789999999993597,6.5,8.16,373.82,1.89,0.28060415902327296
2026-08-24 22:25:00+00:00,0.47400000000197906,6.44,8.14,375.43,1.86,0.27268453841230045
2026-08-24 22:26:00+00:00,0.5230000000010477,6.8,8.15,358.0,3.01,0.36060986116309934
2026-08-24 22:27:00+00:00,0.36200000000098953,6.68,8.08,358.7,3.0,0.20216185090031247
2026-08-24 22:28:00+00:00,0.06799999999930151,6.69,8.09,357.4,3.0,-0.08900749564868657
2026-08-24 22:29:00+00:00,0.30900000000110595,2.65,6.76,364.71,1.55,0.2203590307667836
2026-08-24 22:30:00+00:00,0.38799999999901047,3.34,6.7,374.16,2.03,0.27670786872961517
2026-08-24 22:31:00+00:00,0.4029999999984284,6.55,7.89,376.2,2.08,0.21512870000176448
2026-08-24 22:32:00+00:00,0.3720000000030268,5.67,7.16,355.7,3.38,0.27630706127499505
2026-08-24 22:33:00+00:00,0.5519999999960419,6.17,7.82,359.9,3.12,0.4041180575785883
2026-08-24 22:34:00+00:00,0.3230000000039581,6.08,7.77,354.0,3.06,0.19438725163023893
2026-08-24 22:35:00+00:00,0.12199999999575084,5.95,7.48,374.86,2.19,-0.03727751788424144
2026-08-24 22:36:00+00:00,0.11899999999877764,5.74,7.72,367.4,2.0,-0.035666719681534426
2026-08-24 22:37:00+00:00,0.20500000000174623,5.92,7.42,369.64,1.93,0.06539031193061548
2026-08-24 22:38:00+00:00,0.3720000000030268,5.82,7.68,356.1,3.15,0.24246322262498007
2026-08-24 22:39:00+00:00,0.07699999999749707,6.26,7.42,355.0,3.21,-0.03141990335796002
2026-08-24 22:40:00+00:00,-0.2180000000007567,4.91,7.57,355.6,3.29,-0.3423059533343076
2026-08-24 22:41:00+00:00,0.0639999999984866,5.06,7.47,360.95,1.23,-0.05326569417076443
2026-08-24 22:42:00+00:00,0.23400000000401633,4.92,7.41,375.49,2.61,0.07199723729003682
2026-08-24 22:43:00+00:00,0.2860000000000582,5.22,7.15,359.7,2.93,0.18216807732257695
2026-08-24 22:44:00+00:00,0.5480000000025029,5.4,7.15,368.87,2.09,0.42597298239690895
2026-08-24 22:45:00+00:00,-0.19800000000395812,5.32,7.05,363.39,1.44,-0.29443269835850033
2026-08-24 22:46:00+00:00,0.2209999999977299,4.62,7.33,355.6,2.85,0.11498898264141426
2026-08-24 22:47:00+00:00,0.046000000002095476,4.97,7.32,358.2,2.99,-0.06629422661458655
2026-08-24 22:48:00+00:00,0.07699999999749707,5.26,7.03,367.39,1.63,-0.030255206725356892
2026-08-24 22:49:00+00:00,0.3580000000001746,5.23,7.01,357.0,2.9,0.27097642006808365
2026-08-24 22:50:00+00:00,0.04700000000593718,5.09,7.0,373.22,2.17,-0.07801568500212816
2026-08-24 22:51:00+00:00,-0.11200000000098953,4.88,6.94,368.93,1.94,-0.22053219046643197
2026-08-24 22:52:00+00:00,-0.20599999999831198,4.38,7.19,356.5,3.29,-0.3087492813421016
2026-08-24 22:53:00+00:00,-0.44100000000617,5.38,6.87,355.6,2.85,-0.514165425576852
2026-08-24 22:54:00+00:00,-0.12999999999738066,4.88,7.36,355.4,3.04,-0.23808312290271894
2026-08-24 22:55:00+00:00,-0.19900000000052387,4.43,7.3,371.66,1.42,-0.33653977937307544
2026-08-24 22:56:00+00:00,0.08899999999994179,4.29,7.29,357.8,3.12,-0.02298116427831043
2026-08-24 22:57:00+00:00,-0.06899999999586726,4.47,6.74,357.0,2.87,-0.1398426103718453
2026-08-24 22:58:00+00:00,0.08499999999912689,4.03,7.16,372.07,1.68,-0.04716441249017039
2026-08-24 22:59:00+00:00,-0.4850000000005821,4.18,6.86,376.37,1.61,-0.6076913895800009
2026-08-24 23:00:00+00:00,-0.30099999999947613,4.2,6.89,358.5,2.92,-0.3869654521318032
2026-08-24 23:01:00+00:00,-0.4610000000029686,4.17,6.84,363.4,2.72,-0.5554090927627832
2026-08-24 23:02:00+00:00,-0.12700000000040745,4.4,6.77,370.21,1.75,-0.22758480675111192
2026-08-24 23:03:00+00:00,-0.14899999999761349,4.37,6.74,355.9,2.79,-0.21662617025917702
2026-08-24 23:04:00+00:00,-0.4239999999990687,4.21,6.78,359.54,0.94,-0.49168168873374324
2026-08-24 23:05:00+00:00,0.2999999999956344,4.15,6.7,360.14,1.51,0.2319639844416114
2026-08-24 23:06:00+00:00,-0.22999999999592546,4.1,6.39,371.17,2.51,-0.31380808009696676
2026-08-24 23:07:00+00:00,-0.07600000000093132,3.75,6.93,365.21,1.81,-0.17612681525450602
2026-08-24 23:08:00+00:00,-0.385999999998603,3.55,6.9,346.1,2.57,-0.4388801243932198
2026-08-24 23:09:00+00:00,-0.3330000000059954,3.06,6.83,363.42,1.87,-0.42396392295924157
2026-08-24 23:10:00+00:00,-0.37599999999656575,4.17,5.86,351.3,2.62,-0.37186365943954536
2026-08-24 23:11:00+00:00,-0.20100000000093132,2.94,6.88,357.87,1.27,-0.27666902954257727
2026-08-24 23:12:00+00:00,-0.4150000000008731,3.04,6.94,355.43,0.76,-0.48436781793469397
2026-08-24 23:13:00+00:00,-0.17299999999522697,4.3,5.75,368.06,1.78,-0.20011061872411
2026-08-24 23:14:00+00:00,0.16999999999825377,4.22,5.74,367.51,1.62,0.14591309333693564
2026-08-24 23:15:00+00:00,-0.7860000000000582,3.28,5.96,348.7,2.55,-0.7835626578134778
2026-08-24 23:16:00+00:00,-0.7819999999992433,2.4,7.08,357.32,1.14,-0.8701570691232441
2026-08-24 23:17:00+00:00,-0.9610000000029686,3.32,5.8,372.02,1.83,-1.0050616953523865
2026-08-24 23:18:00+00:00,-0.989000000001397,2.38,6.98,371.84,1.76,-1.1135868399784936
2026-08-24 23:19:00+00:00,-0.7119999999995343,3.5,5.72,365.16,1.68,-0.7308606565632292
2026-08-24 23:20:00+00:00,-0.4639999999999418,2.56,6.8,358.2,2.69,-0.5460508950753554
2026-08-24 23:21:00+00:00,-0.3600000000005821,2.76,6.86,356.9,2.81,-0.4428722956973443
2026-08-24 23:22:00+00:00,-0.3169999999954598,3.35,5.52,364.39,1.47,-0.31938941026009726
2026-08-24 23:23:00+00:00,-0.24500000000261934,2.89,6.85,354.9,2.72,-0.32088402185221077
2026-08-24 23:24:00+00:00,-0.3499999999985448,2.96,6.81,354.1,2.66,-0.42046606673440307
2026-08-24 23:25:00+00:00,-0.36200000000098953,3.51,5.53,356.4,2.89,-0.35308941764518
2026-08-24 23:26:00+00:00,-0.341999999996915,3.44,5.48,355.7,2.88,-0.32799883750671066
2026-08-24 23:27:00+00:00,-0.25700000000506407,3.17,6.93,363.22,1.87,-0.3538158990181322
2026-08-24 23:28:00+00:00,-0.4309999999968568,3.41,5.58,359.33,1.58,-0.4244832801851978
2026-08-24 23:29:00+00:00,-0.43800000000192085,3.5,5.56,357.5,2.89,-0.4340609476604367
2026-08-24 23:30:00+00:00,-0.3949999999967986,3.71,7.01,359.7,2.79,-0.49264026260966065
2026-08-24 23:31:00+00:00,-0.25600000000122236,3.68,5.63,356.8,2.72,-0.25320509063135327
2026-08-24 23:32:00+00:00,-0.23500000000058208,3.81,5.65,357.6,2.81,-0.23594468001888447
2026-08-24 23:33:00+00:00,-0.23999999999796273,3.65,6.86,357.2,2.87,-0.321649015512347
2026-08-24 23:34:00+00:00,-0.28800000000046566,3.79,6.94,357.8,2.84,-0.37601064571139275
2026-08-24 23:35:00+00:00,0.004000000000814907,3.91,6.89,353.5,2.91,-0.06933722600547015
2026-08-24 23:36:00+00:00,-0.06600000000617001,3.6,5.49,357.1,3.14,-0.057764262583687186
2026-08-24 23:37:00+00:00,-0.04899999999906868,4.45,6.73,368.18,2.06,-0.1434925279479735
2026-08-24 23:38:00+00:00,-0.013999999995576218,4.65,6.41,363.65,2.45,-0.07713965861458219
2026-08-24 23:39:00+00:00,0.0029999999969732016,3.05,5.38,356.1,3.35,0.01830495245018886
2026-08-24 23:40:00+00:00,0.09200000000419095,3.69,5.77,364.28,3.8,0.058021785088060135
2026-08-24 23:41:00+00:00,-0.0940000000045984,3.99,6.29,365.68,3.89,-0.16629228884301345
2026-08-24 23:42:00+00:00,-0.10899999999674037,4.1,6.41,364.41,3.72,-0.18444971000634774
2026-08-24 23:43:00+00:00,-0.006000000001222361,1.69,6.16,345.1,2.73,-0.012923737235252147
2026-08-24 23:44:00+00:00,-0.0010000000038417056,1.92,6.26,363.11,3.71,-0.0688514018697155
2026-08-24 23:45:00+00:00,0.11400000000139698,2.13,6.11,365.42,3.97,0.048789915801290315
2026-08-24 23:46:00+00:00,0.08899999999994179,1.42,6.05,347.9,2.95,0.07969477685619047
2026-08-24 23:47:00+00:00,0.06999999999970896,4.11,6.48,366.12,3.62,-0.013979846040922547
2026-08-24 23:48:00+00:00,0.13700000000244472,1.92,5.6,365.63,3.68,0.10676350238327936
2026-08-24 23:49:00+00:00,0.021999999997206032,2.62,5.38,364.06,3.72,0.012311279646577753
2026-08-24 23:50:00+00:00,0.05200000000331784,1.99,6.0,354.0,2.92,0.03151612522381157
2026-08-24 23:51:00+00:00,0.04800000000250293,1.75,6.13,355.5,2.84,0.014711038309238728
2026-08-24 23:52:00+00:00,0.08799999999610009,2.39,5.35,343.97,3.04,0.1380404824691575
2026-08-24 23:53:00+00:00,0.14199999999982538,2.26,5.33,339.26,2.88,0.20670635306844898
2026-08-24 23:54:00+00:00,0.06799999999930151,2.84,5.63,355.8,2.3,0.07406503456992045
2026-08-24 23:55:00+00:00,0.1500000000014552,2.19,6.49,353.63,2.08,0.10408589303025886
2026-08-24 23:56:00+00:00,0.12400000000343425,2.54,5.71,351.53,2.67,0.1327411286095415
2026-08-24 23:57:00+00:00,0.004999999997380655,0.89,6.09,339.79,2.64,0.015368744275780737
2026-08-24 23:58:00+00:00,-0.010999999998603016,1.32,6.18,354.7,2.18,-0.04211530856788545
2026-08-24 23:59:00+00:00,-0.10800000000017462,3.14,5.57,340.63,2.5,-0.05796621590321143
2026-08-25 00:00:00+00:00,-0.033000000003085006,2.59,6.45,361.7,2.75,-0.10132434128227007
2026-08-25 00:01:00+00:00,-0.07099999999627471,3.32,5.85,347.7,2.73,-0.05966935000868951
2026-08-25 00:02:00+00:00,0.03299999999580905,3.7,6.38,352.5,2.62,-0.0021320021592451596
2026-08-25 00:03:00+00:00,0.22600000000238651,2.49,6.02,345.5,2.43,0.2316352780979032
2026-08-25 00:04:00+00:00,0.16999999999825377,2.24,6.05,367.24,2.67,0.11322336182273254
2026-08-25 00:05:00+00:00,0.15499999999883585,2.61,6.13,346.6,2.75,0.14845941576927912
2026-08-25 00:06:00+00:00,0.07700000000477303,2.64,6.14,346.0,2.56,0.07278783534606115
2026-08-25 00:07:00+00:00,0.07299999999668216,2.64,6.29,368.75,4.15,-0.012987204765444418
2026-08-25 00:08:00+00:00,-0.16900000000168802,2.84,6.49,349.8,2.73,-0.20739388865507108
2026-08-25 00:09:00+00:00,-0.06099999999423744,2.97,6.65,370.3,3.7,-0.1711892937228285
2026-08-25 00:10:00+00:00,-0.0930000000007567,1.78,6.2,349.9,3.15,-0.11807316281134801
2026-08-25 00:11:00+00:00,0.024999999994179234,1.75,6.25,348.5,3.24,-0.0003817911072087968
2026-08-25 00:12:00+00:00,0.07600000000093132,2.89,6.95,348.3,3.02,0.00898314393944652
2026-08-25 00:13:00+00:00,0.17500000000291038,1.68,6.16,343.3,3.29,0.1689878326563302
2026-08-25 00:14:00+00:00,0.07299999999668216,1.38,6.11,370.45,3.01,-0.0010678286130825637
2026-08-25 00:15:00+00:00,-0.004000000000814907,1.5,6.17,371.33,3.24,-0.08569062080311289
2026-08-25 00:16:00+00:00,-0.05899999999382999,2.62,6.51,345.3,2.97,-0.08897370843463986
2026-08-25 00:17:00+00:00,-0.12099999999918509,2.45,6.24,346.5,3.21,-0.13824594352729191
2026-08-25 00:18:00+00:00,-0.03200000000651926,2.46,6.16,343.3,3.19,-0.03518383964062899
2026-08-25 00:19:00+00:00,0.294000000001688,2.42,6.11,368.33,3.57,0.2245758447125
2026-08-25 00:20:00+00:00,0.2190000000045984,3.03,6.39,349.9,2.42,0.18968874185046516
2026-08-25 00:21:00+00:00,0.059999999997671694,2.28,6.12,346.8,2.36,0.05538375379825068
2026-08-25 00:22:00+00:00,0.16999999999825377,3.37,6.56,345.8,2.49,0.1407182289258187
2026-08-25 00:23:00+00:00,0.2470000000030268,3.04,6.57,345.1,2.17,0.22022519585521216
2026-08-25 00:24:00+00:00,0.27999999999883585,2.9,6.29,366.99,3.31,0.2052285014346779
2026-08-25 00:25:00+00:00,0.26599999999598367,2.91,6.31,351.0,2.67,0.2370451274374526
2026-08-25 00:26:00+00:00,0.20000000000436557,2.91,6.38,364.93,3.21,0.125429669923376
2026-08-25 00:27:00+00:00,0.14299999999639113,2.77,6.34,349.8,2.84,0.11368578080501372
2026-08-25 00:28:00+00:00,0.014999999999417923,2.57,6.23,343.8,2.97,0.007620652147010695
2026-08-25 00:29:00+00:00,-0.03800000000046566,3.09,6.71,351.8,2.88,-0.09679918649188779
2026-08-25 00:30:00+00:00,-0.09399999999732245,1.9,6.24,345.3,2.51,-0.10471272755250653
2026-08-25 00:31:00+00:00,-0.0930000000007567,2.77,6.56,364.5,3.48,-0.1807083305145935
2026-08-25 00:32:00+00:00,-0.08099999999831198,2.72,6.67,341.7,2.33,-0.10736395091162908
2026-08-25 00:33:00+00:00,-0.1290000000008149,2.74,6.66,342.3,2.55,-0.15776258558058665
2026-08-25 00:34:00+00:00,-0.11800000000221189,2.78,6.68,364.66,3.21,-0.2122682134605007
2026-08-25 00:35:00+00:00,-0.043999999994412065,2.74,6.66,363.37,3.17,-0.1333187001090309
2026-08-25 00:36:00+00:00,0.0959999999977299,2.65,6.61,342.2,2.41,0.0715687471983114
2026-08-25 00:37:00+00:00,0.07400000000052387,2.65,6.5,343.2,2.39,0.05439246703330532
2026-08-25 00:38:00+00:00,-0.01600000000325963,2.69,6.6,364.82,2.76,-0.10248356164728249
2026-08-25 00:39:00+00:00,-0.0029999999969732016,2.44,5.93,340.5,2.2,0.02345976564010808
2026-08-25 00:40:00+00:00,0.01900000000023283,2.82,6.59,340.3,2.25,0.0025518713204164267
2026-08-25 00:41:00+00:00,0.16999999999825377,1.9,5.78,344.06,1.68,0.19909544615918812
2026-08-25 00:42:00+00:00,0.10300000000279397,2.31,5.94,348.25,1.96,0.10939414250069032
2026-08-25 00:43:00+00:00,0.14499999999679858,2.73,6.4,339.4,2.27,0.14327717109401905
2026-08-25 00:44:00+00:00,0.016999999999825377,1.74,6.54,342.4,2.47,-0.006192371022743476
2026-08-25 00:45:00+00:00,0.0610000000015134,2.59,6.64,366.65,2.2,-0.029451733975743327
2026-08-25 00:46:00+00:00,0.05099999999947613,3.06,6.75,365.88,2.25,-0.04380896484040869
2026-08-25 00:47:00+00:00,0.08899999999994179,1.9,6.13,366.38,2.04,0.03259039007191257
2026-08-25 00:48:00+00:00,-0.021999999997206032,3.17,6.82,340.5,1.78,-0.050157853074449935
2026-08-25 00:49:00+00:00,-0.09500000000116415,1.88,5.86,333.47,1.52,-0.04192065955634925
2026-08-25 00:50:00+00:00,-0.31000000000494765,2.06,5.97,337.2,2.7,-0.28189702101022296
2026-08-25 00:51:00+00:00,-0.5429999999978463,1.87,6.47,342.0,2.19,-0.5581522896520944
2026-08-25 00:52:00+00:00,-0.4279999999998836,1.71,6.48,337.5,2.2,-0.43231011015707793
2026-08-25 00:53:00+00:00,-0.44900000000052387,1.93,6.42,340.8,2.56,-0.4599950651425473
2026-08-25 00:54:00+00:00,-0.3790000000008149,1.96,6.39,340.5,2.26,-0.38503297824458815
2026-08-25 00:55:00+00:00,-0.4639999999999418,2.17,6.44,337.2,2.31,-0.46433311494118723
2026-08-25 00:56:00+00:00,-0.216999999996915,2.07,6.31,339.5,2.71,-0.21781924478126127
2026-08-25 00:57:00+00:00,-0.2220000000015716,2.09,6.22,340.7,2.72,-0.22001962372720926
2026-08-25 00:58:00+00:00,0.016999999999825377,1.92,6.21,339.2,2.75,0.02298218550381689
2026-08-25 00:59:00+00:00,0.027000000001862645,1.83,6.27,341.4,2.82,0.02236374259900423
2026-08-25 01:00:00+00:00,0.05199999999604188,1.83,6.27,341.4,2.82,0.04736374259318346
2026-08-25 01:01:00+00:00,0.13700000000244472,1.92,6.16,340.0,2.8,0.14384396052829387
2026-08-25 01:02:00+00:00,0.10500000000320142,2.13,6.14,339.6,2.86,0.1144108036457543
2026-08-25 01:03:00+00:00,0.040000000000873115,1.81,6.35,336.3,2.29,0.04724100470539321
2026-08-25 01:04:00+00:00,-0.08899999999994179,2.46,6.28,337.5,2.41,-0.07933028486801372
2026-08-25 01:05:00+00:00,-0.08800000000337604,2.31,6.28,339.0,2.72,-0.08488895867583998
2026-08-25 01:06:00+00:00,-0.006000000001222361,2.11,6.24,342.7,2.83,-0.011403748223913376
2026-08-25 01:07:00+00:00,0.023999999997613486,2.1,6.22,338.9,2.84,0.02998622774125265
2026-08-25 01:08:00+00:00,-0.010999999998603016,1.8,6.11,346.3,2.57,-0.01637816680426117
2026-08-25 01:09:00+00:00,-0.023000000001047738,1.8,6.11,346.3,2.57,-0.028378166806705893
2026-08-25 01:10:00+00:00,-0.0959999999977299,1.47,5.83,348.0,2.75,-0.08934102716265119
2026-08-25 01:11:00+00:00,-0.19799999999668216,1.72,5.75,346.2,2.86,-0.1812583296699899
2026-08-25 01:12:00+00:00,-0.09900000000197906,1.69,5.76,347.0,2.93,-0.0856294727522422
2026-08-25 01:13:00+00:00,0.04400000000168802,1.66,5.78,344.9,2.88,0.0619048198099352
2026-08-25 01:14:00+00:00,0.12599999999656575,1.72,5.76,344.3,2.82,0.1474236999179978
2026-08-25 01:15:00+00:00,0.03600000000005821,1.55,5.75,344.7,3.03,0.05510761667072703
2026-08-25 01:16:00+00:00,0.010999999998603016,1.49,5.69,343.9,2.97,0.03650683112151206
2026-08-25 01:17:00+00:00,-0.023999999997613486,1.48,5.76,344.7,2.97,-0.005338497990311632
2026-08-25 01:18:00+00:00,0.0010000000038417056,1.48,5.76,344.7,2.97,0.01966150201114356
2026-08-25 01:19:00+00:00,0.010999999998603016,1.44,5.41,346.6,3.07,0.04719314907854906
2026-08-25 01:20:00+00:00,-0.004000000000814907,1.64,5.5,344.9,2.94,0.03216075792863147
2026-08-25 01:21:00+00:00,-0.006000000001222361,1.44,5.47,345.5,3.0,0.02960200642663846
2026-08-25 01:22:00+00:00,-0.0029999999969732016,1.74,5.44,343.7,3.01,0.04016872555937826
2026-08-25 01:23:00+00:00,-0.04500000000552973,1.84,5.46,345.8,2.93,-0.007950742033949132
2026-08-25 01:24:00+00:00,-0.006999999997788109,1.57,5.61,350.0,2.97,0.007784403717519034
2026-08-25 01:25:00+00:00,-0.010000000002037268,1.82,5.5,349.2,2.68,0.01696575739900102
2026-08-25 01:26:00+00:00,0.0010000000038417056,1.54,6.03,339.4,2.67,0.01799693882552863
2026-08-25 01:27:00+00:00,-0.0020000000004074536,1.53,6.0,334.6,2.64,0.03000276298033136
2026-08-25 01:28:00+00:00,-0.008000000001629815,1.66,6.03,334.1,2.39,0.025415106312978053
2026-08-25 01:29:00+00:00,0.010000000002037268,1.66,6.03,334.1,2.39,0.043415106316645136
2026-08-25 01:30:00+00:00,-0.010000000002037268,2.92,5.83,339.8,2.55,0.023914532281720066
2026-08-25 01:31:00+00:00,-0.08200000000215368,3.01,5.94,338.0,2.28,-0.04852263985998063
2026-08-25 01:32:00+00:00,-0.06799999999930151,3.24,5.92,340.9,2.53,-0.042027043918094656
2026-08-25 01:33:00+00:00,-0.03299999999580905,2.43,6.02,337.6,2.61,-0.007673449297941896
2026-08-25 01:34:00+00:00,-0.10599999999976717,1.71,6.02,338.2,2.85,-0.08590692075956419
2026-08-25 01:35:00+00:00,-0.15300000000570435,1.06,6.06,338.8,2.83,-0.13882754116400756
2026-08-25 01:36:00+00:00,-0.09299999999348074,1.13,6.07,338.5,2.56,-0.07663810517015562
2026-08-25 01:37:00+00:00,-0.1230000000068685,1.33,6.05,338.9,2.74,-0.10706423324411336
2026-08-25 01:38:00+00:00,0.020000000004074536,1.33,6.05,338.9,2.74,0.03593576676682968
2026-08-25 01:39:00+00:00,0.04499999999825377,1.7,6.02,337.1,2.62,0.06959234234558434
2026-08-25 01:40:00+00:00,0.046000000002095476,1.77,6.04,336.7,2.71,0.06989325645350931
2026-08-25 01:41:00+00:00,0.07899999999790452,1.86,6.02,336.2,2.67,0.10608911425885342
2026-08-25 01:42:00+00:00,0.0030000000042491592,1.71,6.04,332.3,2.55,0.0395855015536235
2026-08-25 01:43:00+00:00,0.07999999999447027,2.61,5.84,333.9,2.67,0.1273248629141222
2026-08-25 01:44:00+00:00,0.03600000000005821,2.12,5.9,337.6,2.53,0.06905474208347781
2026-08-25 01:45:00+00:00,-0.005999999993946403,1.53,5.93,337.5,2.72,0.022386190293435287
2026-08-25 01:46:00+00:00,0.052999999999883585,1.94,5.86,340.4,2.71,0.07951490584606688
2026-08-25 01:47:00+00:00,0.15499999999883585,1.94,5.86,340.4,2.71,0.18151490584501914
2026-08-25 01:48:00+00:00,0.18400000000110595,1.79,5.87,337.8,2.9,0.21506659720261703
2026-08-25 01:49:00+00:00,0.17599999999947613,1.79,5.87,337.8,2.9,0.20706659720098722
2026-08-25 01:50:00+00:00,0.125,1.96,5.78,341.2,2.82,0.15402328957924766
2026-08-25 01:51:00+00:00,0.18399999999383,2.06,5.8,339.1,2.71,0.2183283121121392
2026-08-25 01:52:00+00:00,0.12000000000261934,1.59,5.83,340.3,2.67,0.1481054207861756
2026-08-25 01:53:00+00:00,0.07899999999790452,1.56,5.79,342.0,2.92,0.10343094918058991
2026-08-25 01:54:00+00:00,0.08699999999953434,1.43,5.81,342.0,2.77,0.11077336098309516
2026-08-25 01:55:00+00:00,-0.01599999999598367,1.24,5.82,339.4,2.76,0.013597013581190469
2026-08-25 01:56:00+00:00,-0.06599999999889405,1.09,5.87,346.9,2.96,-0.06157022897419112
2026-08-25 01:57:00+00:00,-0.05000000000291038,0.7,5.83,344.5,2.77,-0.03624160799204676
2026-08-25 01:58:00+00:00,-0.10699999999633292,0.91,5.92,339.5,3.15,-0.08795606401763063
2026-08-25 01:59:00+00:00,-0.05099999999947613,0.95,5.88,346.4,2.85,-0.045527392058795815
2026-08-25 02:00:00+00:00,-0.0020000000004074536,0.95,5.88,346.4,2.85,0.0034726079402728604
2026-08-25 02:01:00+00:00,0.059999999997671694,1.68,5.86,338.6,2.95,0.08895189301336245
2026-08-25 02:02:00+00:00,0.04800000000250293,1.59,5.92,342.7,2.93,0.06188068873143633
2026-08-25 02:03:00+00:00,0.04599999999481952,1.68,5.9,342.1,3.02,0.06244559790822366
2026-08-25 02:04:00+00:00,0.05700000000069849,1.75,5.81,342.1,2.98,0.07993256483863642
2026-08-25 02:05:00+00:00,0.10800000000017462,1.75,5.81,342.1,2.98,0.13093256483811255
2026-08-25 02:06:00+00:00,0.11899999999877764,2.35,5.81,343.1,2.87,0.14166591877928972
2026-08-25 02:07:00+00:00,0.08200000000215368,2.35,5.81,343.1,2.87,0.10466591878266578
2026-08-25 02:08:00+00:00,0.06599999999889405,2.03,5.94,337.4,2.57,0.09639091075408762
2026-08-25 02:09:00+00:00,0.10900000000401633,2.23,6.0,331.4,2.46,0.15271096615641822
2026-08-25 02:10:00+00:00,0.09999999999854481,2.35,6.01,337.9,2.76,0.12393865753188824
2026-08-25 02:11:00+00:00,0.06799999999930151,2.3,5.98,336.5,2.35,0.10037923001158539
2026-08-25 02:12:00+00:00,0.08200000000215368,2.19,6.03,334.1,2.53,0.11590043125102491
2026-08-25 02:13:00+00:00,0.021000000000640284,2.32,6.08,334.0,2.37,0.05328523863396153
2026-08-25 02:14:00+00:00,0.023999999997613486,2.32,6.08,334.0,2.37,0.05628523863093473
2026-08-25 02:15:00+00:00,-0.02500000000145519,2.52,6.17,329.3,2.17,0.015748723799534847
2026-08-25 02:16:00+00:00,-0.004999999997380655,2.33,6.19,331.5,2.35,0.02677140076631533
2026-08-25 02:17:00+00:00,0.02899999999499414,2.15,6.16,329.6,2.21,0.06832597303625249
2026-08-25 02:18:00+00:00,0.02200000000448199,2.16,6.18,329.2,2.17,0.061360487203242775
2026-08-25 02:19:00+00:00,0.04899999999906868,2.16,6.18,329.2,2.17,0.08836048719782946
2026-08-25 02:20:00+00:00,0.04800000000250293,1.98,6.28,330.3,2.08,0.07786348870232998
2026-08-25 02:21:00+00:00,0.07200000000011642,1.98,6.28,330.3,2.08,0.10186348869994347
2026-08-25 02:22:00+00:00,0.08099999999831198,2.42,6.19,329.4,2.07,0.12056087650758479
2026-08-25 02:23:00+00:00,0.11400000000139698,2.54,6.2,330.8,2.21,0.14851478124405304
2026-08-25 02:24:00+00:00,0.0989999999947031,2.74,6.17,329.7,2.16,0.13935238833458785
2026-08-25 02:25:00+00:00,0.13300000000162981,3.39,6.19,330.1,2.07,0.1733495551390808
2026-08-25 02:26:00+00:00,0.06999999999970896,3.39,6.19,330.1,2.07,0.11034955513715994
2026-08-25 02:27:00+00:00,0.056000000004132744,2.82,6.11,331.4,2.21,0.09569845880260369
2026-08-25 02:28:00+00:00,0.03600000000005821,2.32,6.11,333.8,2.17,0.0681946985352812
2026-08-25 02:29:00+00:00,0.016999999999825377,2.36,6.05,336.6,2.47,0.04376632633387871
2026-08-25 02:30:00+00:00,0.01999999999679858,2.36,6.05,336.6,2.47,0.04676632633085191
2026-08-25 02:31:00+00:00,0.046000000002095476,2.42,6.04,332.9,2.38,0.08410308663868026
2026-08-25 02:32:00+00:00,0.02899999999499414,2.42,6.04,332.9,2.38,0.06710308663157892
2026-08-25 02:33:00+00:00,0.062000000005355105,2.42,6.04,332.9,2.38,0.10010308664193988
2026-08-25 02:34:00+00:00,0.01999999999679858,2.6,6.07,334.5,2.46,0.05176422031476998
2026-08-25 02:35:00+00:00,0.03800000000046566,2.38,6.05,334.8,2.4,0.07011208180576664
2026-08-25 02:36:00+00:00,0.04299999999784632,2.55,6.05,334.1,2.31,0.07806920814978933
2026-08-25 02:37:00+00:00,0.026000000005296897,2.46,6.11,332.1,2.13,0.06339499182646935
2026-08-25 02:38:00+00:00,0.010999999998603016,2.46,6.11,332.1,2.13,0.04839499181977547
2026-08-25 02:39:00+00:00,-0.02500000000145519,2.5,6.14,334.0,2.25,0.004594916660117798
2026-08-25 02:40:00+00:00,-0.01900000000023283,2.78,6.11,334.8,2.23,0.01137004993222291
2026-08-25 02:41:00+00:00,-0.040000000000873115,2.85,6.07,336.4,2.19,-0.010760011862487574
2026-08-25 02:42:00+00:00,-0.036999999996623956,2.84,6.02,335.5,2.27,-0.0025925611379633423
2026-08-25 02:43:00+00:00,0.09500000000116415,2.76,5.99,333.6,2.39,0.13544000235321568
2026-08-25 02:44:00+00:00,0.055999999996856786,2.76,5.99,333.6,2.39,0.0964400023489083
2026-08-25 02:45:00+00:00,-0.04099999999743886,3.68,5.98,332.4,1.95,0.008874361811274233
2026-08-25 02:46:00+00:00,0.005999999993946403,3.68,5.98,332.4,1.95,0.0558743618026595
2026-08-25 02:47:00+00:00,0.05000000000291038,3.68,5.98,332.4,1.95,0.09987436181162349
2026-08-25 02:48:00+00:00,0.08200000000215368,3.37,5.91,335.5,1.99,0.12715041541672636
2026-08-25 02:49:00+00:00,0.08999999999650754,3.37,5.91,335.5,1.99,0.13515041541108022
2026-08-25 02:50:00+00:00,0.1260000000038417,3.1,5.91,333.6,1.91,0.17603760145833275
2026-08-25 02:51:00+00:00,0.06499999999505235,3.23,5.89,335.6,1.86,0.11173521903452951
2026-08-25 02:52:00+00:00,0.030000000006111804,3.45,5.82,340.1,1.98,0.06917198671863423
2026-08-25 02:53:00+00:00,0.07499999999708962,3.54,5.81,339.8,1.93,0.11623401065749937
2026-08-25 02:54:00+00:00,0.07899999999790452,3.54,5.81,339.8,1.93,0.12023401065831428
2026-08-25 02:55:00+00:00,0.010000000002037268,3.22,5.83,346.5,1.9,0.03133260302913343
2026-08-25 02:56:00+00:00,0.012000000002444722,3.22,5.83,346.5,1.9,0.033332603029540886
2026-08-25 02:57:00+00:00,0.030999999995401595,3.5,5.72,343.6,1.95,0.06785611278365533
2026-08-25 02:58:00+00:00,0.01900000000023283,3.5,5.72,343.6,1.95,0.05585611278848656
2026-08-25 02:59:00+00:00,0.033000000003085006,3.56,5.69,343.4,1.86,0.07318267772263481
2026-08-25 03:00:00+00:00,0.000999999996565748,3.85,5.69,344.1,1.88,0.03996970345566995
2026-08-25 03:01:00+00:00,0.033000000003085006,3.93,5.68,343.1,1.84,0.0758047863642439
2026-08-25 03:02:00+00:00,0.05199999999604188,3.88,5.72,341.1,1.8,0.09761059810720304
2026-08-25 03:03:00+00:00,0.08699999999953434,3.88,5.72,341.1,1.8,0.1326105981106955
2026-08-25 03:04:00+00:00,0.04500000000552973,3.14,5.69,339.1,2.0,0.09454892128126025
2026-08-25 03:05:00+00:00,0.03800000000046566,3.14,5.69,339.1,2.0,0.08754892127619618
2026-08-25 03:06:00+00:00,0.0020000000004074536,3.47,5.7,343.9,1.87,0.03986281456995138
2026-08-25 03:07:00+00:00,-0.08400000000256114,3.55,5.64,345.9,2.15,-0.04918116273738915
2026-08-25 03:08:00+00:00,-0.05400000000372529,3.25,5.62,342.2,2.12,-0.008576674335318703
2026-08-25 03:09:00+00:00,-0.08499999999912689,3.69,5.7,344.3,1.93,-0.04801707339822153
2026-08-25 03:10:00+00:00,-0.05799999999726424,3.78,5.73,344.2,1.85,-0.021956999062583298
2026-08-25 03:11:00+00:00,0.04099999999743886,3.57,5.8,341.1,1.89,0.07978929027841637
2026-08-25 03:12:00+00:00,-0.07200000000011642,3.55,5.8,340.4,1.96,-0.031879528681523515
2026-08-25 03:13:00+00:00,-0.01999999999679858,3.56,5.77,340.4,1.99,0.021946912483277223
2026-08-25 03:14:00+00:00,0.06599999999889405,3.56,5.77,340.4,1.99,0.10794691247896986
2026-08-25 03:15:00+00:00,0.023000000001047738,3.55,5.76,342.6,1.9,0.06033427225207215
2026-08-25 03:16:00+00:00,0.033999999999650754,3.55,5.76,342.6,1.9,0.07133427225067517
2026-08-25 03:17:00+00:00,0.03800000000046566,3.47,5.75,339.4,2.19,0.0823269851843081
2026-08-25 03:18:00+00:00,0.014000000002852175,3.38,5.72,345.9,1.96,0.04431540020930541
2026-08-25 03:19:00+00:00,-0.0020000000004074536,3.38,5.72,345.9,1.96,0.028315400206045786
2026-08-25 03:22:00+00:00,-0.12099999999918509,3.0,5.84,345.1,2.06,-0.09830522872273871
2026-08-25 03:23:00+00:00,-0.08600000000296859,3.0,5.84,345.1,2.06,-0.06330522872652221
2026-08-25 03:24:00+00:00,-0.09799999999813735,3.39,5.81,342.3,2.0,-0.0643375434341226
2026-08-25 03:25:00+00:00,-0.06000000000494765,3.1,5.82,342.3,2.06,-0.028215500710736148
2026-08-25 03:26:00+00:00,-0.03600000000005821,3.6,5.77,344.7,1.99,-0.005427800960560211
2026-08-25 03:27:00+00:00,-0.036999999996623956,3.57,5.69,346.3,2.4,-0.008265426489658539
2026-08-25 03:28:00+00:00,-0.04800000000250293,3.2,5.79,347.2,1.93,-0.02612395318181889
2026-08-25 03:29:00+00:00,-0.046999999998661224,3.2,5.79,347.2,1.93,-0.025123953177977186
2026-08-25 03:30:00+00:00,-0.027000000001862645,3.48,5.92,341.7,1.87,0.002053249881247405
2026-08-25 03:31:00+00:00,-0.016999999999825377,3.48,5.92,341.7,1.87,0.012053249883284673
2026-08-25 03:32:00+00:00,-0.026999999994586688,2.85,5.95,344.3,2.28,-0.011455747144000033
2026-08-25 03:33:00+00:00,-0.0030000000042491592,2.85,5.95,344.3,2.28,0.012544252846337495
2026-08-25 03:34:00+00:00,0.0020000000004074536,3.62,5.95,347.4,2.18,0.01206577495380808
2026-08-25 03:35:00+00:00,0.02200000000448199,3.1,5.79,342.9,2.02,0.05446462386691594
2026-08-25 03:36:00+00:00,0.023999999997613486,3.41,5.91,338.6,2.21,0.059460895043615486
2026-08-25 03:37:00+00:00,0.013999999995576218,3.56,5.96,337.6,2.12,0.04982065573901889
2026-08-25 03:38:00+00:00,0.015000000006693881,3.72,6.02,336.6,2.1,0.050055510408124344
2026-08-25 03:39:00+00:00,0.001999999993131496,3.62,6.03,335.8,2.12,0.03811117096085056
2026-08-25 03:40:00+00:00,0.011000000005878974,3.62,6.03,335.8,2.12,0.047111170973598036
2026-08-25 03:41:00+00:00,0.01999999999679858,4.0,6.03,334.6,2.07,0.060702860006340446
2026-08-25 03:42:00+00:00,-0.006999999997788109,4.0,6.03,334.6,2.07,0.03370286001175376
2026-08-25 03:43:00+00:00,0.03800000000046566,3.93,6.05,338.0,2.05,0.06823103810541037
2026-08-25 03:44:00+00:00,0.040000000000873115,3.93,6.05,338.0,2.05,0.07023103810581782
2026-08-25 03:45:00+00:00,0.02899999999499414,3.79,6.03,337.2,2.13,0.06176888134543461
2026-08-25 03:46:00+00:00,0.059000000001105946,3.79,6.03,337.2,2.13,0.09176888135154641
2026-08-25 03:47:00+00:00,0.010000000002037268,3.83,6.02,337.0,2.12,0.04415049042808711
2026-08-25 03:48:00+00:00,0.008000000001629815,3.77,6.0,341.7,1.8,0.032981465248913475
2026-08-25 03:49:00+00:00,0.026999999994586688,3.31,5.83,346.7,1.75,0.04908127109368709
2026-08-25 03:50:00+00:00,0.010000000002037268,2.54,5.88,339.9,1.75,0.04478861497498505
2026-08-25 03:51:00+00:00,0.0010000000038417056,2.54,5.88,339.9,1.75,0.035788614976789486
2026-08-25 03:52:00+00:00,-0.023000000001047738,2.1,5.99,340.6,1.99,-0.00030094903990405403
2026-08-25 03:53:00+00:00,-0.0319999999992433,2.1,5.99,340.6,1.99,-0.009300949038099617
2026-08-25 03:54:00+00:00,-0.0290000000022701,2.42,5.85,336.0,2.13,0.01525705814565518
2026-08-25 03:55:00+00:00,-0.040000000000873115,2.42,5.85,336.0,2.13,0.004257058147052163
2026-08-25 03:56:00+00:00,-0.055999999996856786,3.36,5.86,339.9,2.12,-0.02018263390903627
2026-08-25 03:57:00+00:00,-0.0070000000050640665,3.05,5.86,341.6,2.0,0.02425646191383616
2026-08-25 03:58:00+00:00,0.0,3.28,5.85,337.6,2.03,0.0430313812040562
2026-08-25 03:59:00+00:00,-0.02599999999802094,3.28,5.85,337.6,2.03,0.017031381206035263
2026-08-25 04:00:00+00:00,-0.06900000000314321,3.18,5.98,334.5,2.21,-0.02790053396604223
2026-08-25 04:01:00+00:00,-0.04499999999825377,3.13,6.02,337.7,2.14,-0.014775513360642468
2026-08-25 04:02:00+00:00,-0.0970000000015716,3.13,6.02,337.7,2.14,-0.0667755133639603
2026-08-25 04:03:00+00:00,-0.05500000000029104,2.39,5.92,341.8,2.05,-0.03044432122585126
2026-08-25 04:04:00+00:00,-0.05099999999947613,2.39,5.92,341.8,2.05,-0.026444321225036354
2026-08-25 04:05:00+00:00,0.02500000000145519,2.69,5.9,340.3,2.25,0.05433990798943146
2026-08-25 04:06:00+00:00,0.02200000000448199,1.59,5.92,344.8,2.25,0.03496942928200672
2026-08-25 04:07:00+00:00,0.00399999999353895,1.31,5.93,340.2,2.01,0.029476807405662612
2026-08-25 04:08:00+00:00,0.033000000003085006,2.53,5.94,342.0,2.03,0.05620582671627058
2026-08-25 04:09:00+00:00,0.0029999999969732016,2.03,5.98,341.1,1.98,0.024909670085912054
2026-08-25 04:10:00+00:00,0.005000000004656613,2.51,6.01,340.7,2.02,0.027010798860660875
2026-08-25 04:11:00+00:00,0.03800000000046566,2.25,6.01,343.4,1.98,0.05236351034015688
2026-08-25 04:12:00+00:00,0.06199999999807915,1.68,6.0,341.6,1.98,0.08027761519074186
2026-08-25 04:13:00+00:00,0.031000000002677552,1.68,6.0,341.6,1.98,0.04927761519534026
2026-08-25 04:14:00+00:00,0.017999999996391125,1.92,5.93,343.1,2.46,0.034294673882754534
2026-08-25 04:15:00+00:00,0.02500000000145519,1.92,5.93,343.1,2.46,0.0412946738878186
2026-08-25 04:16:00+00:00,0.0349999999962165,1.78,5.96,345.3,2.06,0.04579219258759281
2026-08-25 04:17:00+00:00,0.023000000001047738,1.78,5.96,345.3,2.06,0.033792192592424046
2026-08-25 04:18:00+00:00,0.014000000002852175,1.41,5.96,346.5,2.17,0.01981343431318675
2026-08-25 04:19:00+00:00,0.040000000000873115,2.67,5.88,343.5,2.13,0.06290508347711554
2026-08-25 04:20:00+00:00,0.06899999999586726,2.51,5.96,339.9,2.08,0.09607673430975389
2026-08-25 04:21:00+00:00,0.06300000000192085,2.46,6.0,343.4,2.12,0.07764065430913067
2026-08-25 04:22:00+00:00,0.06999999999970896,1.94,6.0,343.6,2.21,0.08205976340871828
2026-08-25 04:23:00+00:00,0.0639999999984866,1.91,5.96,342.4,2.31,0.08116672210161993
2026-08-25 04:24:00+00:00,0.02800000000570435,1.54,6.01,343.5,2.09,0.03939085661358911
2026-08-25 04:25:00+00:00,0.013999999995576218,1.7,6.05,342.4,2.13,0.025815830885090485
2026-08-25 04:26:00+00:00,0.010000000002037268,1.97,6.03,341.5,2.24,0.025537092693789395
2026-08-25 04:27:00+00:00,0.021999999997206032,2.21,5.95,341.4,2.11,0.044709963327420596
2026-08-25 04:28:00+00:00,0.04500000000552973,2.21,5.95,341.4,2.11,0.06770996333574429
2026-08-25 04:29:00+00:00,0.0639999999984866,3.21,5.9,343.0,1.41,0.0933564722579517
2026-08-25 04:30:00+00:00,0.08499999999912689,3.21,5.9,343.0,1.41,0.11435647225859198
2026-08-25 04:31:00+00:00,0.09999999999854481,3.47,6.06,346.4,1.35,0.11070269905979187
2026-08-25 04:32:00+00:00,0.012000000002444722,3.47,6.06,346.4,1.35,0.02270269906369178
2026-08-25 04:33:00+00:00,0.0349999999962165,3.71,6.2,344.3,1.15,0.043987998257649444
2026-08-25 04:34:00+00:00,0.05099999999947613,3.66,6.1,346.3,1.14,0.06126608499599695
2026-08-25 04:35:00+00:00,0.021000000000640284,3.72,6.11,348.9,1.32,0.022574318455700324
2026-08-25 04:36:00+00:00,0.03900000000430737,3.75,6.04,346.0,1.3,0.05322124077904778
2026-08-25 04:37:00+00:00,0.06099999999423744,3.5,6.08,346.9,1.3,0.06945740367677693
2026-08-25 04:38:00+00:00,0.06999999999970896,3.4,6.06,347.4,1.3,0.07818548873498264
2026-08-25 04:39:00+00:00,0.06300000000192085,3.32,6.08,345.7,1.23,0.07465260762024889
2026-08-25 04:40:00+00:00,0.0290000000022701,3.2,6.05,344.2,1.37,0.045369086058609516
2026-08-25 04:41:00+00:00,-0.0010000000038417056,3.2,6.06,346.7,1.32,0.008368786321286441
2026-08-25 04:42:00+00:00,-0.033999999999650754,3.16,6.0,345.0,1.41,-0.016809677346472478
2026-08-25 04:43:00+00:00,-0.04499999999825377,3.0,6.07,346.7,1.38,-0.037262531894929514
2026-08-25 04:44:00+00:00,-0.06199999999807915,2.89,6.0,347.6,1.41,-0.05249360845811645
2026-08-25 04:45:00+00:00,-0.07100000000355067,2.89,6.0,347.6,1.41,-0.06149360846358797
2026-08-25 04:46:00+00:00,0.005000000004656613,2.4,5.99,349.2,1.43,0.009420939595575058
2026-08-25 04:47:00+00:00,0.05099999999947613,2.4,5.99,349.2,1.43,0.055420939590394576
2026-08-25 04:48:00+00:00,0.04200000000128057,2.29,6.04,345.6,1.43,0.05239049108669716
2026-08-25 04:49:00+00:00,0.0349999999962165,2.29,6.04,345.6,1.43,0.045390491081633094
2026-08-25 04:50:00+00:00,0.027000000001862645,1.99,6.06,345.5,1.47,0.035221606927872864
2026-08-25 04:51:00+00:00,0.05199999999604188,2.12,6.18,344.7,1.19,0.05662359859065031
2026-08-25 04:52:00+00:00,0.04400000000168802,2.13,6.29,344.4,1.41,0.04057616228732969
2026-08-25 04:53:00+00:00,-0.008000000001629815,2.13,6.29,344.4,1.41,-0.011423837715988146
2026-08-25 04:54:00+00:00,-0.10199999999895226,2.36,6.14,346.3,1.58,-0.10101098341592847
2026-08-25 04:55:00+00:00,-0.11599999999452848,2.32,5.92,345.6,1.62,-0.09881470110938008
2026-08-25 04:56:00+00:00,-0.12400000000343425,2.46,5.93,346.3,1.51,-0.1082094722438979
2026-08-25 04:57:00+00:00,-0.08499999999912689,2.74,5.89,347.3,1.37,-0.06747078886305928
2026-08-25 04:58:00+00:00,0.000999999996565748,2.71,6.08,349.5,1.55,-0.0013785262859631674
2026-08-25 04:59:00+00:00,-0.004000000000814907,2.98,5.99,351.8,1.5,-0.005417175243984451
2026-08-25 05:00:00+00:00,0.024000000004889444,2.98,5.99,351.8,1.5,0.0225828247617199
2026-08-25 05:01:00+00:00,0.14499999999679858,3.2,6.05,352.3,1.48,0.13897594353829867
2026-08-25 05:02:00+00:00,0.2510000000038417,3.2,6.05,352.3,1.48,0.2449759435453418
2026-08-25 05:03:00+00:00,0.19399999999586726,3.32,6.08,350.3,1.33,0.1926762551414116
2026-08-25 05:04:00+00:00,0.07300000000395812,3.4,6.04,349.2,1.32,0.07757745233472799
2026-08-25 05:05:00+00:00,0.01299999999901047,3.49,6.03,347.8,1.41,0.02161022332650089
2026-08-25 05:06:00+00:00,0.014999999999417923,2.95,6.08,350.4,1.42,0.011773506787115438
2026-08-25 05:07:00+00:00,0.008999999998195563,2.69,5.96,348.8,1.67,0.015632354552080206
2026-08-25 05:08:00+00:00,0.02599999999802094,3.26,5.92,351.2,1.49,0.031702995023395346
2026-08-25 05:09:00+00:00,0.011000000005878974,3.56,5.93,359.3,1.43,-0.004362433390165333
2026-08-25 05:10:00+00:00,0.007999999994353857,3.68,5.91,343.5,1.19,0.03816006745103709
2026-08-25 05:11:00+00:00,0.006000000001222361,3.77,5.87,344.6,1.35,0.035038623049989184
2026-08-25 05:12:00+00:00,0.014000000002852175,3.82,5.83,345.9,1.37,0.042240511383393645
2026-08-25 05:13:00+00:00,0.023999999997613486,3.87,5.89,343.2,1.28,0.056197787644370056
2026-08-25 05:14:00+00:00,0.04899999999906868,4.07,5.93,341.8,1.23,0.08315532203001288
2026-08-25 05:15:00+00:00,0.014000000002852175,3.97,5.93,345.0,1.34,0.03857493168966243
2026-08-25 05:16:00+00:00,-0.0319999999992433,3.84,5.97,344.6,1.41,-0.009871598863559362
2026-08-25 05:17:00+00:00,-0.01900000000023283,3.73,5.9,345.7,1.34,0.005053958947856544
2026-08-25 05:18:00+00:00,-0.02599999999802094,3.62,5.93,345.2,1.31,-0.0027111382963077926
2026-08-25 05:19:00+00:00,-0.012000000002444722,3.41,5.93,344.9,1.33,0.011376445109038284
2026-08-25 05:20:00+00:00,0.006000000001222361,4.24,5.83,345.2,1.21,0.03836629870260395
2026-08-25 05:21:00+00:00,0.033999999999650754,4.25,5.84,344.6,1.27,0.06691293635335405
2026-08-25 05:22:00+00:00,0.0020000000004074536,4.2,5.92,344.4,1.17,0.03065079591327199
2026-08-25 05:23:00+00:00,0.01299999999901047,4.29,5.93,344.1,1.19,0.04189175161105628
2026-08-25 05:24:00+00:00,0.010999999998603016,4.15,5.93,341.0,1.18,0.0478565710699541
2026-08-25 05:25:00+00:00,-0.008999999998195563,3.95,5.9,343.0,1.17,0.024042287634139882
2026-08-25 05:26:00+00:00,-0.014000000002852175,3.9,5.84,345.6,1.18,0.01590472026080339
2026-08-25 05:27:00+00:00,-0.017999999996391125,3.86,5.89,341.0,1.18,0.020736876735974068
2026-08-25 05:28:00+00:00,-0.02200000000448199,3.79,5.87,341.1,1.2,0.017477326778739956
2026-08-25 05:29:00+00:00,-0.059999999997671694,3.8,5.87,342.1,1.21,-0.0232351224089759
2026-08-25 05:30:00+00:00,0.027999999998428393,3.74,5.89,341.0,1.26,0.0658553932296137
2026-08-25 05:31:00+00:00,0.07700000000477303,3.79,5.85,341.4,1.21,0.1169445312184567
2026-08-25 05:32:00+00:00,0.04899999999906868,3.92,5.83,341.7,1.19,0.08997522883482238
2026-08-25 05:33:00+00:00,-0.010000000002037268,3.96,5.88,340.9,1.21,0.02973951865899204
2026-08-25 05:34:00+00:00,-0.05000000000291038,3.96,5.85,341.9,1.2,-0.010855903404019554
2026-08-25 05:35:00+00:00,-0.04099999999743886,4.25,5.87,341.3,1.14,-0.00038175497837691225
2026-08-25 05:36:00+00:00,-0.031000000002677552,4.48,5.75,340.0,1.56,0.018844331192162278
2026-08-25 05:37:00+00:00,-0.013999999995576218,4.37,5.8,345.2,1.24,0.020521591931287428
2026-08-25 05:38:00+00:00,-0.05700000000069849,3.69,5.68,355.2,1.75,-0.0465475801036059
2026-08-25 05:39:00+00:00,-0.10500000000320142,3.45,5.7,356.4,2.04,-0.1017510184593142
2026-08-25 05:40:00+00:00,-0.24399999999877764,3.27,5.63,360.4,1.96,-0.24669345843378457
2026-08-25 05:41:00+00:00,-0.13899999999557622,3.13,5.74,356.2,2.24,-0.14015041244360835
2026-08-25 05:42:00+00:00,-0.10200000000622822,2.47,6.11,351.7,1.9,-0.11533597069397955
2026-08-25 05:43:00+00:00,0.0070000000050640665,2.67,6.03,345.9,2.15,0.01332569851470767
2026-08-25 05:44:00+00:00,-0.20999999999912689,2.71,5.97,350.0,2.28,-0.21140033887125262
2026-08-25 05:45:00+00:00,-0.3470000000015716,2.25,6.36,333.3,2.0,-0.329206349495892
2026-08-25 05:46:00+00:00,0.2569999999977881,2.18,6.26,340.6,1.92,0.26234537566996613
2026-08-25 05:47:00+00:00,0.08899999999994179,2.28,6.3,333.7,2.22,0.1083003644514743
2026-08-25 05:48:00+00:00,-0.32299999999668216,1.51,6.39,338.7,2.05,-0.3240081216714715
2026-08-25 05:49:00+00:00,0.35199999999895226,1.0,6.38,338.7,2.07,0.35012485706345764
2026-08-25 05:50:00+00:00,0.5069999999977881,2.37,6.18,338.3,2.37,0.5212503508233346
2026-08-25 05:51:00+00:00,0.04800000000250293,0.12,6.3,336.9,2.35,0.05193652248528738
2026-08-25 05:52:00+00:00,0.24199999999837019,0.99,6.12,342.1,2.17,0.24771373441092462
2026-08-25 05:53:00+00:00,0.17399999999906868,2.19,6.0,347.4,2.49,0.17466171835113886
2026-08-25 05:54:00+00:00,0.03900000000430737,1.6,6.17,344.5,2.25,0.03607911923690341
