time,bt,bz,speed,density
2026-08-24 05:59:00+00:00,5.16,1.92,381.5,2.63
2026-08-24 05:59:01+00:00,4.91,1.17,381.5,2.63
2026-08-24 06:00:00+00:00,5.24,1.87,380.1,2.59
2026-08-24 06:00:01+00:00,4.84,1.93,380.1,2.59
2026-08-24 06:01:00+00:00,5.2,1.85,397.09,1.91
2026-08-24 06:01:01+00:00,4.9,1.86,397.09,1.91
2026-08-24 06:02:00+00:00,4.71,1.68,382.3,2.66
2026-08-24 06:02:01+00:00,4.87,1.33,382.3,2.66
2026-08-24 06:03:00+00:00,4.66,1.79,387.39,0.98
2026-08-24 06:03:01+00:00,4.86,2.17,387.39,0.98
2026-08-24 06:04:00+00:00,4.64,1.43,381.1,2.77
2026-08-24 06:04:01+00:00,4.86,2.01,381.1,2.77
2026-08-24 06:05:00+00:00,5.3,1.98,376.6,2.5
2026-08-24 06:05:01+00:00,4.87,2.09,376.6,2.5
2026-08-24 06:06:00+00:00,5.22,1.93,377.8,2.75
2026-08-24 06:06:01+00:00,4.86,1.97,377.8,2.75
2026-08-24 06:07:00+00:00,4.64,1.34,381.6,2.63
2026-08-24 06:07:01+00:00,4.86,1.62,381.6,2.63
2026-08-24 06:08:00+00:00,5.16,2.24,390.52,2.16
2026-08-24 06:08:01+00:00,4.89,1.78,390.52,2.16
2026-08-24 06:09:00+00:00,5.11,2.19,384.4,2.89
2026-08-24 06:09:01+00:00,4.86,2.29,384.4,2.89
2026-08-24 06:10:00+00:00,4.69,2.17,394.04,2.44
2026-08-24 06:10:01+00:00,4.87,2.06,394.04,2.44
2026-08-24 06:11:00+00:00,5.17,2.19,377.5,2.63
2026-08-24 06:11:01+00:00,4.84,1.74,377.5,2.63
2026-08-24 06:12:00+00:00,5.23,1.72,377.4,2.31
2026-08-24 06:12:01+00:00,4.85,1.79,377.4,2.31
2026-08-24 06:13:00+00:00,4.64,2.08,377.4,2.58
2026-08-24 06:13:01+00:00,4.85,2.12,377.4,2.58
2026-08-24 06:14:00+00:00,5.21,1.89,377.14,1.11
2026-08-24 06:14:01+00:00,4.85,2.12,377.14,1.11
2026-08-24 06:15:00+00:00,4.83,3.31,385.67,1.65
2026-08-24 06:15:01+00:00,4.85,2.2,385.67,1.65
2026-08-24 06:16:00+00:00,4.71,4.21,389.2,2.83
2026-08-24 06:16:01+00:00,4.85,2.51,389.2,2.83
2026-08-24 06:17:00+00:00,4.61,1.46,385.7,2.69
2026-08-24 06:17:01+00:00,4.78,2.34,385.7,2.69
2026-08-24 06:18:00+00:00,4.77,3.74,385.6,2.79
2026-08-24 06:18:01+00:00,4.82,3.46,385.6,2.79
2026-08-24 06:19:00+00:00,4.83,3.61,382.37,1.98
2026-08-24 06:19:01+00:00,4.81,3.65,382.37,1.98
2026-08-24 06:20:00+00:00,4.79,3.52,384.0,2.75
2026-08-24 06:20:01+00:00,4.75,3.69,384.0,2.75
2026-08-24 06:21:00+00:00,4.62,1.72,385.2,2.75
2026-08-24 06:21:01+00:00,4.77,3.78,385.2,2.75
2026-08-24 06:22:00+00:00,4.84,3.43,390.06,2.12
2026-08-24 06:22:01+00:00,4.8,4.1,390.06,2.12
2026-08-24 06:23:00+00:00,4.94,3.41,388.44,2.29
2026-08-24 06:23:01+00:00,4.74,3.87,388.44,2.29
2026-08-24 06:24:00+00:00,4.89,3.54,386.2,2.83
2026-08-24 06:24:01+00:00,4.76,3.74,386.2,2.83
2026-08-24 06:25:00+00:00,4.91,3.33,390.27,2.78
2026-08-24 06:25:01+00:00,4.79,3.23,390.27,2.78
2026-08-24 06:26:00+00:00,4.58,1.96,385.5,1.4
2026-08-24 06:26:01+00:00,4.82,3.27,385.5,1.4
2026-08-24 06:27:00+00:00,4.55,2.13,386.49,2.12
2026-08-24 06:27:01+00:00,4.85,2.96,386.49,2.12
2026-08-24 06:28:00+00:00,5.1,2.6,382.17,3.04
2026-08-24 06:28:01+00:00,4.88,3.05,382.17,3.04
2026-08-24 06:29:00+00:00,5.01,2.74,390.16,2.36
2026-08-24 06:29:01+00:00,4.89,2.92,390.16,2.36
2026-08-24 06:30:00+00:00,4.9,2.93,397.76,2.82
2026-08-24 06:30:01+00:00,4.89,2.26,397.76,2.82
2026-08-24 06:31:00+00:00,4.91,2.94,385.2,2.84
2026-08-24 06:31:01+00:00,4.82,2.82,385.2,2.84
2026-08-24 06:32:00+00:00,5.15,2.77,372.9,2.49
2026-08-24 06:32:01+00:00,4.87,2.9,372.9,2.49
2026-08-24 06:33:00+00:00,4.66,3.87,394.38,2.72
2026-08-24 06:33:01+00:00,4.88,2.63,394.38,2.72
2026-08-24 06:34:00+00:00,4.69,3.79,379.6,2.63
2026-08-24 06:34:01+00:00,4.75,2.81,379.6,2.63
2026-08-24 06:35:00+00:00,5.09,2.44,380.6,2.75
2026-08-24 06:35:01+00:00,4.76,2.8,380.6,2.75
2026-08-24 06:36:00+00:00,4.66,3.01,380.3,2.59
2026-08-24 06:36:01+00:00,4.78,2.77,380.3,2.59
2026-08-24 06:37:00+00:00,4.64,2.91,378.5,2.58
2026-08-24 06:37:01+00:00,4.77,2.88,378.5,2.58
2026-08-24 06:38:00+00:00,4.62,3.11,384.15,2.14
2026-08-24 06:38:01+00:00,4.82,2.46,384.15,2.14
2026-08-24 06:39:00+00:00,5.24,1.74,393.8,2.79
2026-08-24 06:39:01+00:00,4.81,2.22,393.8,2.79
2026-08-24 06:40:00+00:00,4.47,3.05,378.7,2.67
2026-08-24 06:40:01+00:00,4.72,2.41,378.7,2.67
2026-08-24 06:41:00+00:00,5.2,2.0,377.0,2.61
2026-08-24 06:41:01+00:00,4.68,2.66,377.0,2.61
2026-08-24 06:42:00+00:00,4.48,2.93,378.6,2.42
2026-08-24 06:42:01+00:00,4.64,2.8,378.6,2.42
2026-08-24 06:43:00+00:00,5.04,2.21,395.56,3.37
2026-08-24 06:43:01+00:00,4.63,2.71,395.56,3.37
2026-08-24 06:44:00+00:00,5.06,2.67,378.2,2.49
2026-08-24 06:44:01+00:00,4.65,2.77,378.2,2.49
2026-08-24 06:45:00+00:00,5.09,2.81,378.2,2.44
2026-08-24 06:45:01+00:00,4.68,2.92,378.2,2.44
2026-08-24 06:46:00+00:00,5.09,2.85,388.29,2.61
2026-08-24 06:46:01+00:00,4.65,3.02,388.29,2.61
2026-08-24 06:47:00+00:00,4.47,3.49,378.2,2.44
2026-08-24 06:47:01+00:00,4.63,3.07,378.2,2.44
2026-08-24 06:48:00+00:00,4.46,3.63,378.0,2.49
2026-08-24 06:48:01+00:00,4.62,3.08,378.0,2.49
2026-08-24 06:49:00+00:00,5.01,3.02,393.55,3.6
2026-08-24 06:49:01+00:00,4.62,3.24,393.55,3.6
2026-08-24 06:50:00+00:00,4.41,3.46,385.04,2.96
2026-08-24 06:50:01+00:00,4.65,3.37,385.04,2.96
2026-08-24 06:51:00+00:00,4.41,3.65,375.5,2.26
2026-08-24 06:51:01+00:00,4.6,3.59,375.5,2.26
2026-08-24 06:52:00+00:00,4.42,3.41,392.77,3.26
2026-08-24 06:52:01+00:00,4.6,3.52,392.77,3.26
2026-08-24 06:53:00+00:00,5.11,3.05,399.28,2.93
2026-08-24 06:53:01+00:00,4.7,3.18,399.28,2.93
2026-08-24 06:54:00+00:00,5.21,2.68,374.0,2.05
2026-08-24 06:54:01+00:00,4.79,2.98,374.0,2.05
2026-08-24 06:55:00+00:00,5.13,2.4,375.2,2.31
2026-08-24 06:55:01+00:00,4.75,2.47,375.2,2.31
2026-08-24 06:56:00+00:00,4.63,2.47,375.7,2.41
2026-08-24 06:56:01+00:00,4.75,2.29,375.7,2.41
2026-08-24 06:57:00+00:00,5.11,2.58,373.2,2.26
2026-08-24 06:57:01+00:00,4.76,2.23,373.2,2.26
2026-08-24 06:58:00+00:00,5.27,2.45,369.5,2.2
2026-08-24 06:58:01+00:00,4.76,2.61,369.5,2.2
2026-08-24 06:59:00+00:00,5.24,2.32,373.5,2.28
2026-08-24 06:59:01+00:00,4.81,2.83,373.5,2.28
2026-08-24 07:00:00+00:00,5.25,1.97,373.6,2.48
2026-08-24 07:00:01+00:00,4.81,2.92,373.6,2.48
2026-08-24 07:01:00+00:00,5.26,1.89,389.37,1.6
2026-08-24 07:01:01+00:00,4.81,2.7,389.37,1.6
2026-08-24 07:02:00+00:00,5.2,2.5,396.68,1.39
2026-08-24 07:02:01+00:00,4.78,1.71,396.68,1.39
2026-08-24 07:03:00+00:00,5.19,2.37,375.0,2.42
2026-08-24 07:03:01+00:00,4.79,1.97,375.0,2.42
2026-08-24 07:04:00+00:00,4.56,3.15,378.5,2.71
2026-08-24 07:04:01+00:00,4.8,1.71,378.5,2.71
2026-08-24 07:05:00+00:00,4.97,2.53,378.5,2.53
2026-08-24 07:05:01+00:00,4.8,2.13,378.5,2.53
2026-08-24 07:06:00+00:00,4.97,2.43,378.3,2.62
2026-08-24 07:06:01+00:00,4.79,2.27,378.3,2.62
2026-08-24 07:07:00+00:00,5.03,2.47,392.95,3.12
2026-08-24 07:07:01+00:00,4.76,2.19,392.95,3.12
2026-08-24 07:08:00+00:00,4.7,2.63,393.97,3.03
2026-08-24 07:08:01+00:00,4.66,2.53,393.97,3.03
2026-08-24 07:09:00+00:00,4.73,2.68,377.6,2.6
2026-08-24 07:09:01+00:00,4.58,2.69,377.6,2.6
2026-08-24 07:10:00+00:00,5.0,2.51,377.0,2.5
2026-08-24 07:10:01+00:00,4.55,2.56,377.0,2.5
2026-08-24 07:11:00+00:00,5.0,2.49,395.97,2.72
2026-08-24 07:11:01+00:00,4.58,2.54,395.97,2.72
2026-08-24 07:12:00+00:00,4.99,2.76,374.1,2.47
2026-08-24 07:12:01+00:00,4.6,2.53,374.1,2.47
2026-08-24 07:13:00+00:00,4.74,2.76,374.1,2.56
2026-08-24 07:13:01+00:00,4.61,2.51,374.1,2.56
2026-08-24 07:14:00+00:00,4.68,2.61,375.4,2.48
2026-08-24 07:14:01+00:00,4.58,2.55,375.4,2.48
2026-08-24 07:15:00+00:00,4.69,2.74,375.1,2.31
2026-08-24 07:15:01+00:00,4.56,2.64,375.1,2.31
2026-08-24 07:16:00+00:00,5.12,2.12,369.6,2.12
2026-08-24 07:16:01+00:00,4.53,2.47,369.6,2.12
2026-08-24 07:17:00+00:00,5.23,1.89,389.2,1.93
2026-08-24 07:17:01+00:00,4.54,2.31,389.2,1.93
2026-08-24 07:18:00+00:00,4.81,2.71,395.08,2.6
2026-08-24 07:18:01+00:00,4.52,2.33,395.08,2.6
2026-08-24 07:19:00+00:00,4.81,2.67,370.1,2.38
2026-08-24 07:19:01+00:00,4.51,2.25,370.1,2.38
2026-08-24 07:20:00+00:00,4.82,2.76,370.4,2.3
2026-08-24 07:20:01+00:00,4.62,2.29,370.4,2.3
2026-08-24 07:21:00+00:00,5.24,2.29,391.77,1.6
2026-08-24 07:21:01+00:00,4.57,2.5,391.77,1.6
2026-08-24 07:22:00+00:00,5.2,2.5,386.62,1.77
2026-08-24 07:22:01+00:00,4.53,2.39,386.62,1.77
2026-08-24 07:23:00+00:00,5.23,2.64,370.0,2.28
2026-08-24 07:23:01+00:00,4.61,2.3,370.0,2.28
2026-08-24 07:24:00+00:00,4.77,2.87,372.9,2.26
2026-08-24 07:24:01+00:00,4.65,2.42,372.9,2.26
2026-08-24 07:25:00+00:00,5.22,2.57,370.9,2.24
2026-08-24 07:25:01+00:00,4.68,2.46,370.9,2.24
2026-08-24 07:26:00+00:00,4.55,2.6,385.47,1.62
2026-08-24 07:26:01+00:00,4.68,2.41,385.47,1.62
2026-08-24 07:27:00+00:00,4.54,2.7,372.9,2.33
2026-08-24 07:27:01+00:00,4.66,2.44,372.9,2.33
2026-08-24 07:28:00+00:00,4.65,2.9,371.0,2.37
2026-08-24 07:28:01+00:00,4.69,2.43,371.0,2.37
2026-08-24 07:29:00+00:00,5.21,2.6,370.7,2.33
2026-08-24 07:29:01+00:00,4.78,2.56,370.7,2.33
2026-08-24 07:30:00+00:00,5.19,2.52,371.6,2.3
2026-08-24 07:30:01+00:00,4.75,2.61,371.6,2.3
2026-08-24 07:31:00+00:00,4.57,2.3,371.3,2.33
2026-08-24 07:31:01+00:00,4.71,2.53,371.3,2.33
2026-08-24 07:32:00+00:00,5.04,2.82,385.3,1.74
2026-08-24 07:32:01+00:00,4.69,2.76,385.3,1.74
2026-08-24 07:33:00+00:00,4.51,2.37,372.9,2.65
2026-08-24 07:33:01+00:00,4.74,2.84,372.9,2.65
2026-08-24 07:34:00+00:00,5.19,1.3,368.9,2.06
2026-08-24 07:34:01+00:00,4.74,2.59,368.9,2.06
2026-08-24 07:35:00+00:00,4.56,2.89,392.4,2.44
2026-08-24 07:35:01+00:00,4.64,2.52,392.4,2.44
2026-08-24 07:36:00+00:00,4.45,2.65,395.69,2.49
2026-08-24 07:36:01+00:00,4.67,2.76,395.69,2.49
2026-08-24 07:37:00+00:00,4.37,2.74,394.79,2.82
2026-08-24 07:37:01+00:00,4.67,2.93,394.79,2.82
2026-08-24 07:38:00+00:00,5.29,0.82,365.1,2.04
2026-08-24 07:38:01+00:00,4.66,3.08,365.1,2.04
2026-08-24 07:39:00+00:00,4.42,2.64,383.56,2.63
2026-08-24 07:39:01+00:00,4.61,2.16,383.56,2.63
2026-08-24 07:40:00+00:00,5.3,0.57,389.03,2.86
2026-08-24 07:40:01+00:00,4.56,2.04,389.03,2.86
2026-08-24 07:41:00+00:00,4.56,2.99,390.22,2.68
2026-08-24 07:41:01+00:00,4.55,1.74,390.22,2.68
2026-08-24 07:42:00+00:00,4.51,2.87,384.85,2.5
2026-08-24 07:42:01+00:00,4.46,1.82,384.85,2.5
2026-08-24 07:43:00+00:00,4.43,2.53,372.7,2.26
2026-08-24 07:43:01+00:00,4.47,0.37,372.7,2.26
2026-08-24 07:44:00+00:00,4.27,2.06,375.9,2.59
2026-08-24 07:44:01+00:00,4.48,-0.15,375.9,2.59
2026-08-24 07:45:00+00:00,5.15,0.63,372.1,2.45
2026-08-24 07:45:01+00:00,4.49,0.38,372.1,2.45
2026-08-24 07:46:00+00:00,5.18,0.69,372.3,2.52
2026-08-24 07:46:01+00:00,4.47,0.45,372.3,2.52
2026-08-24 07:47:00+00:00,4.44,2.77,370.0,2.33
2026-08-24 07:47:01+00:00,4.46,0.79,370.0,2.33
2026-08-24 07:48:00+00:00,4.44,2.84,388.5,2.61
2026-08-24 07:48:01+00:00,4.42,0.9,388.5,2.61
2026-08-24 07:49:00+00:00,5.23,0.95,382.13,2.21
2026-08-24 07:50:00+00:00,4.42,2.76,382.77,2.69
2026-08-24 07:51:00+00:00,4.39,2.45,385.07,2.53
2026-08-24 07:52:00+00:00,4.46,3.22,385.06,1.95
2026-08-24 07:53:00+00:00,4.49,3.26,396.54,2.96
2026-08-24 07:53:21+00:00,4.51,1.21,396.54,2.96
2026-08-24 07:54:00+00:00,5.29,1.11,366.4,2.18
2026-08-24 07:54:01+00:00,4.51,0.5,366.4,2.18
2026-08-24 07:55:00+00:00,5.29,0.87,382.57,2.35
2026-08-24 07:55:01+00:00,4.57,1.41,382.57,2.35
2026-08-24 07:56:00+00:00,4.49,2.78,365.7,1.84
2026-08-24 07:56:01+00:00,4.55,1.16,365.7,1.84
2026-08-24 07:57:00+00:00,4.45,2.88,380.79,2.28
2026-08-24 07:57:01+00:00,4.59,1.2,380.79,2.28
2026-08-24 07:58:00+00:00,5.37,0.57,368.5,2.07
2026-08-24 07:58:01+00:00,4.58,0.94,368.5,2.07
2026-08-24 07:59:00+00:00,5.36,0.44,390.88,2.18
2026-08-24 07:59:01+00:00,4.59,0.97,390.88,2.18
2026-08-24 08:00:00+00:00,5.38,-0.09,384.81,2.18
2026-08-24 08:00:01+00:00,4.58,0.83,384.81,2.18
2026-08-24 08:01:00+00:00,5.4,-0.91,370.2,1.84
2026-08-24 08:01:01+00:00,4.59,0.13,370.2,1.84
2026-08-24 08:02:00+00:00,5.42,-1.05,369.5,1.73
2026-08-24 08:02:01+00:00,4.58,0.31,369.5,1.73
2026-08-24 08:03:00+00:00,4.42,2.71,371.1,1.77
2026-08-24 08:03:01+00:00,4.53,-0.24,371.1,1.77
2026-08-24 08:04:00+00:00,4.43,2.8,378.3,2.39
2026-08-24 08:04:01+00:00,4.51,-0.89,378.3,2.39
2026-08-24 08:05:00+00:00,4.37,2.13,379.74,2.26
2026-08-24 08:05:01+00:00,4.48,-1.23,379.74,2.26
2026-08-24 08:06:00+00:00,5.17,-0.25,372.1,1.9
2026-08-24 08:06:01+00:00,4.48,-0.95,372.1,1.9
2026-08-24 08:07:00+00:00,5.26,-0.6,367.4,1.8
2026-08-24 08:07:01+00:00,4.47,-1.06,367.4,1.8
2026-08-24 08:08:00+00:00,5.24,-0.07,381.37,2.18
2026-08-24 08:08:01+00:00,4.42,-1.43,381.37,2.18
2026-08-24 08:09:00+00:00,5.13,0.29,376.9,2.52
2026-08-24 08:09:01+00:00,4.43,-1.19,376.9,2.52
2026-08-24 08:10:00+00:00,5.12,0.34,381.6,2.55
2026-08-24 08:10:01+00:00,4.42,-1.01,381.6,2.55
2026-08-24 08:11:00+00:00,4.03,1.0,376.4,2.75
2026-08-24 08:11:01+00:00,4.45,0.06,376.4,2.75
2026-08-24 08:12:00+00:00,4.01,0.71,376.47,1.86
2026-08-24 08:12:01+00:00,4.48,0.11,376.47,1.86
2026-08-24 08:13:00+00:00,3.96,0.51,375.4,2.4
2026-08-24 08:13:01+00:00,4.49,0.39,375.4,2.4
2026-08-24 08:14:00+00:00,5.18,0.31,383.67,2.45
2026-08-24 08:14:01+00:00,4.49,0.39,383.67,2.45
2026-08-24 08:15:00+00:00,5.12,0.19,375.87,1.97
2026-08-24 08:15:01+00:00,4.49,0.28,375.87,1.97
2026-08-24 08:16:00+00:00,3.79,-0.78,376.8,2.54
2026-08-24 08:16:01+00:00,4.52,0.32,376.8,2.54
2026-08-24 08:17:00+00:00,5.07,0.49,370.5,1.95
2026-08-24 08:17:01+00:00,4.51,1.21,370.5,1.95
2026-08-24 08:18:00+00:00,4.01,0.87,368.93,2.06
2026-08-24 08:18:01+00:00,4.5,0.93,368.93,2.06
2026-08-24 08:19:00+00:00,3.73,1.66,370.27,2.91
2026-08-24 08:19:01+00:00,4.53,0.35,370.27,2.91
2026-08-24 08:20:00+00:00,5.24,0.3,372.26,3.19
2026-08-24 08:20:01+00:00,4.49,0.48,372.26,3.19
2026-08-24 08:21:00+00:00,3.82,0.52,377.29,2.81
2026-08-24 08:21:01+00:00,4.5,0.92,377.29,2.81
2026-08-24 08:22:00+00:00,3.88,1.02,375.28,2.85
2026-08-24 08:22:01+00:00,4.47,0.48,375.28,2.85
2026-08-24 08:23:00+00:00,5.34,-0.75,375.08,2.54
2026-08-24 08:23:01+00:00,4.49,-0.02,375.08,2.54
2026-08-24 08:24:00+00:00,4.01,-0.11,378.44,1.89
2026-08-24 08:24:01+00:00,4.48,-0.13,378.44,1.89
2026-08-24 08:25:00+00:00,5.22,0.1,379.66,1.62
2026-08-24 08:25:01+00:00,4.44,-0.06,379.66,1.62
2026-08-24 08:26:00+00:00,4.05,0.0,371.7,2.11
2026-08-24 08:26:01+00:00,4.42,-0.5,371.7,2.11
2026-08-24 08:27:00+00:00,5.25,-0.48,384.17,1.55
2026-08-24 08:27:01+00:00,4.39,-0.93,384.17,1.55
2026-08-24 08:28:00+00:00,5.19,-0.46,390.65,1.46
2026-08-24 08:28:01+00:00,4.42,-0.27,390.65,1.46
2026-08-24 08:29:00+00:00,3.96,0.62,372.65,1.31
2026-08-24 08:29:01+00:00,4.41,-0.23,372.65,1.31
2026-08-24 08:30:00+00:00,5.15,-0.78,375.1,2.12
2026-08-24 08:30:01+00:00,4.44,-0.48,375.1,2.12
2026-08-24 08:31:00+00:00,5.14,-0.4,371.6,2.11
2026-08-24 08:31:01+00:00,4.44,-0.73,371.6,2.11
2026-08-24 08:32:00+00:00,5.16,-0.17,380.3,2.41
2026-08-24 08:32:01+00:00,4.38,-1.54,380.3,2.41
2026-08-24 08:33:00+00:00,5.15,-0.09,377.84,2.26
2026-08-24 08:33:01+00:00,4.42,-0.47,377.84,2.26
2026-08-24 08:34:00+00:00,4.07,1.58,372.2,1.94
2026-08-24 08:34:01+00:00,4.42,-0.4,372.2,1.94
2026-08-24 08:35:00+00:00,4.0,1.34,376.5,2.47
2026-08-24 08:35:01+00:00,4.46,-0.16,376.5,2.47
2026-08-24 08:36:00+00:00,5.23,0.01,377.13,2.15
2026-08-24 08:36:01+00:00,4.48,-0.4,377.13,2.15
2026-08-24 08:37:00+00:00,4.05,0.87,378.34,2.23
2026-08-24 08:37:01+00:00,4.47,-0.14,378.34,2.23
2026-08-24 08:38:00+00:00,4.02,0.7,373.6,2.24
2026-08-24 08:38:01+00:00,4.41,-0.48,373.6,2.24
2026-08-24 08:39:00+00:00,5.26,-0.38,372.41,2.15
2026-08-24 08:39:01+00:00,4.38,-0.25,372.41,2.15
2026-08-24 08:40:00+00:00,5.28,0.19,371.19,2.14
2026-08-24 08:40:01+00:00,4.39,-0.24,371.19,2.14
2026-08-24 08:41:00+00:00,5.27,0.54,374.81,2.85
2026-08-24 08:41:01+00:00,4.41,0.21,374.81,2.85
2026-08-24 08:42:00+00:00,5.22,0.82,368.5,2.29
2026-08-24 08:42:01+00:00,4.41,0.37,368.5,2.29
2026-08-24 08:43:00+00:00,4.0,0.0,372.7,2.28
2026-08-24 08:43:01+00:00,4.46,0.59,372.7,2.28
2026-08-24 08:44:00+00:00,5.21,0.06,369.84,2.23
2026-08-24 08:44:01+00:00,4.46,0.45,369.84,2.23
2026-08-24 08:45:00+00:00,5.2,-0.1,368.99,2.38
2026-08-24 08:45:01+00:00,4.45,0.74,368.99,2.38
2026-08-24 08:46:00+00:00,3.97,-0.36,379.7,1.97
2026-08-24 08:46:01+00:00,4.43,0.4,379.7,1.97
2026-08-24 08:47:00+00:00,5.1,-0.71,357.61,2.7
2026-08-24 08:47:01+00:00,4.44,-0.18,357.61,2.7
2026-08-24 08:48:00+00:00,4.01,-1.73,365.8,2.01
2026-08-24 08:48:01+00:00,4.41,-1.55,365.8,2.01
2026-08-24 08:49:00+00:00,5.23,1.35,373.15,2.42
2026-08-24 08:49:01+00:00,4.37,1.51,373.15,2.42
2026-08-24 08:50:00+00:00,5.26,1.57,370.49,2.88
2026-08-24 08:50:01+00:00,4.43,1.33,370.49,2.88
2026-08-24 08:51:00+00:00,5.24,1.42,367.6,2.35
2026-08-24 08:51:01+00:00,4.45,1.43,367.6,2.35
2026-08-24 08:52:00+00:00,5.19,1.04,369.8,2.34
2026-08-24 08:52:01+00:00,4.46,1.43,369.8,2.34
2026-08-24 08:53:00+00:00,4.22,1.28,367.0,2.19
2026-08-24 08:53:01+00:00,4.47,1.46,367.0,2.19
2026-08-24 08:54:00+00:00,5.18,0.91,409.05,2.46
2026-08-24 08:54:01+00:00,4.42,1.57,409.05,2.46
2026-08-24 08:55:00+00:00,5.2,1.1,366.2,1.9
2026-08-24 08:55:01+00:00,4.49,1.29,366.2,1.9
2026-08-24 08:56:00+00:00,3.97,1.18,391.38,2.03
2026-08-24 08:56:01+00:00,4.48,1.51,391.38,2.03
2026-08-24 08:57:00+00:00,4.14,0.66,388.81,2.34
2026-08-24 08:57:01+00:00,4.47,1.17,388.81,2.34
2026-08-24 08:58:00+00:00,4.21,-0.12,364.8,2.11
2026-08-24 08:58:01+00:00,4.47,1.2,364.8,2.11
2026-08-24 08:59:00+00:00,4.0,-0.3,367.1,2.18
2026-08-24 08:59:01+00:00,4.46,1.18,367.1,2.18
2026-08-24 09:00:00+00:00,5.26,1.26,368.2,2.2
2026-08-24 09:00:01+00:00,4.48,1.19,368.2,2.2
2026-08-24 09:01:00+00:00,5.27,1.0,381.11,2.1
2026-08-24 09:01:01+00:00,4.45,0.95,381.11,2.1
2026-08-24 09:02:00+00:00,5.29,0.83,386.05,2.5
2026-08-24 09:02:01+00:00,4.5,1.4,386.05,2.5
2026-08-24 09:03:00+00:00,4.13,-0.77,364.4,1.76
2026-08-24 09:03:01+00:00,4.5,1.54,364.4,1.76
2026-08-24 09:04:00+00:00,5.33,0.78,366.8,1.8
2026-08-24 09:04:01+00:00,4.51,1.47,366.8,1.8
2026-08-24 09:05:00+00:00,5.33,0.72,365.1,1.89
2026-08-24 09:05:01+00:00,4.51,1.51,365.1,1.89
2026-08-24 09:06:00+00:00,4.46,-2.5,401.48,1.88
2026-08-24 09:06:01+00:00,4.52,1.54,401.48,1.88
2026-08-24 09:07:00+00:00,5.35,0.75,397.29,1.37
2026-08-24 09:07:01+00:00,4.52,1.36,397.29,1.37
2026-08-24 09:08:00+00:00,5.38,0.48,366.1,1.61
2026-08-24 09:08:01+00:00,4.5,1.53,366.1,1.61
2026-08-24 09:09:00+00:00,5.34,0.6,363.9,2.11
2026-08-24 09:09:01+00:00,4.47,1.24,363.9,2.11
2026-08-24 09:10:00+00:00,4.16,2.75,366.6,1.87
2026-08-24 09:10:01+00:00,4.47,0.92,366.6,1.87
2026-08-24 09:11:00+00:00,5.38,-0.07,380.24,2.67
2026-08-24 09:11:01+00:00,4.46,0.08,380.24,2.67
2026-08-24 09:12:00+00:00,5.4,-0.48,368.6,1.67
2026-08-24 09:12:01+00:00,4.46,0.86,368.6,1.67
2026-08-24 09:13:00+00:00,5.37,-0.67,379.34,2.09
2026-08-24 09:13:01+00:00,4.45,0.7,379.34,2.09
2026-08-24 09:14:00+00:00,5.35,0.13,382.43,2.33
2026-08-24 09:14:01+00:00,4.44,0.36,382.43,2.33
2026-08-24 09:15:00+00:00,5.33,0.18,365.9,1.82
2026-08-24 09:15:01+00:00,4.43,0.25,365.9,1.82
2026-08-24 09:16:00+00:00,5.35,-0.08,366.2,1.57
2026-08-24 09:16:01+00:00,4.47,-0.09,366.2,1.57
2026-08-24 09:17:00+00:00,4.14,0.39,375.66,2.37
2026-08-24 09:17:01+00:00,4.46,-0.2,375.66,2.37
2026-08-24 09:18:00+00:00,5.35,-0.73,370.1,1.66
2026-08-24 09:18:01+00:00,4.4,-0.01,370.1,1.66
2026-08-24 09:19:00+00:00,5.38,0.14,392.66,1.96
2026-08-24 09:19:01+00:00,4.43,-0.09,392.66,1.96
2026-08-24 09:20:00+00:00,4.05,3.05,365.1,1.82
2026-08-24 09:20:01+00:00,4.41,-0.41,365.1,1.82
2026-08-24 09:21:00+00:00,4.24,2.89,365.6,1.76
2026-08-24 09:21:01+00:00,4.38,-0.21,365.6,1.76
2026-08-24 09:22:00+00:00,5.37,0.21,366.7,1.95
2026-08-24 09:22:01+00:00,4.43,-0.71,366.7,1.95
2026-08-24 09:23:00+00:00,4.36,3.22,380.1,3.03
2026-08-24 09:23:01+00:00,4.44,-0.23,380.1,3.03
2026-08-24 09:24:00+00:00,4.37,3.06,367.1,1.59
2026-08-24 09:24:01+00:00,4.47,0.4,367.1,1.59
2026-08-24 09:25:00+00:00,5.39,0.68,364.3,1.9
2026-08-24 09:25:01+00:00,4.47,0.3,364.3,1.9
2026-08-24 09:26:00+00:00,4.36,2.73,377.52,3.03
2026-08-24 09:26:01+00:00,4.48,-0.1,377.52,3.03
2026-08-24 09:27:00+00:00,4.34,2.72,378.02,3.05
2026-08-24 09:27:01+00:00,4.51,-0.49,378.02,3.05
2026-08-24 09:28:00+00:00,4.23,2.23,365.7,1.84
2026-08-24 09:28:01+00:00,4.52,0.83,365.7,1.84
2026-08-24 09:29:00+00:00,5.39,0.26,365.6,1.94
2026-08-24 09:29:01+00:00,4.51,-0.41,365.6,1.94
2026-08-24 09:30:00+00:00,5.39,0.44,375.33,2.26
2026-08-24 09:30:01+00:00,4.48,0.42,375.33,2.26
2026-08-24 09:31:00+00:00,5.41,0.25,364.3,1.84
2026-08-24 09:31:01+00:00,4.52,0.04,364.3,1.84
2026-08-24 09:32:00+00:00,4.05,0.29,364.0,1.77
2026-08-24 09:32:01+00:00,4.54,0.01,364.0,1.77
2026-08-24 09:33:00+00:00,5.38,1.76,362.5,1.51
2026-08-24 09:33:01+00:00,4.52,0.39,362.5,1.51
2026-08-24 09:34:00+00:00,5.42,1.49,380.08,2.76
2026-08-24 09:34:01+00:00,4.57,1.85,380.08,2.76
2026-08-24 09:35:00+00:00,4.12,0.2,376.64,2.33
2026-08-24 09:35:01+00:00,4.58,1.88,376.64,2.33
2026-08-24 09:36:00+00:00,4.12,-0.31,363.2,1.74
2026-08-24 09:36:01+00:00,4.57,1.77,363.2,1.74
2026-08-24 09:37:00+00:00,5.44,1.19,362.4,1.71
2026-08-24 09:37:01+00:00,4.57,1.64,362.4,1.71
2026-08-24 09:38:00+00:00,4.05,-0.3,362.9,1.72
2026-08-24 09:38:01+00:00,4.55,1.44,362.9,1.72
2026-08-24 09:39:00+00:00,4.13,-0.77,373.77,1.62
2026-08-24 09:39:01+00:00,4.54,1.01,373.77,1.62
2026-08-24 09:40:00+00:00,4.12,-0.72,362.2,1.59
2026-08-24 09:40:01+00:00,4.57,0.95,362.2,1.59
2026-08-24 09:41:00+00:00,4.09,-0.3,363.6,1.65
2026-08-24 09:41:01+00:00,4.57,0.67,363.6,1.65
2026-08-24 09:42:00+00:00,5.46,0.42,373.31,1.8
2026-08-24 09:42:01+00:00,4.59,0.81,373.31,1.8
2026-08-24 09:43:00+00:00,4.14,-0.27,375.09,2.04
2026-08-24 09:43:01+00:00,4.57,0.42,375.09,2.04
2026-08-24 09:44:00+00:00,5.45,0.54,376.77,2.32
2026-08-24 09:44:01+00:00,4.58,0.61,376.77,2.32
2026-08-24 09:45:00+00:00,5.45,0.64,363.3,1.7
2026-08-24 09:45:01+00:00,4.6,0.58,363.3,1.7
2026-08-24 09:46:00+00:00,3.92,-0.11,381.65,2.59
2026-08-24 09:46:01+00:00,4.58,0.81,381.65,2.59
2026-08-24 09:47:00+00:00,5.5,0.03,364.5,1.64
2026-08-24 09:47:01+00:00,4.59,0.33,364.5,1.64
2026-08-24 09:48:00+00:00,5.48,0.24,363.3,1.61
2026-08-24 09:48:01+00:00,4.54,0.34,363.3,1.61
2026-08-24 09:49:00+00:00,5.5,0.27,376.99,2.29
2026-08-24 09:49:01+00:00,4.53,0.42,376.99,2.29
2026-08-24 09:50:00+00:00,5.48,0.4,372.52,1.73
2026-08-24 09:50:01+00:00,4.57,0.59,372.52,1.73
2026-08-24 09:51:00+00:00,5.5,0.37,369.07,2.05
2026-08-24 09:51:01+00:00,4.55,0.31,369.07,2.05
2026-08-24 09:52:00+00:00,5.5,0.28,363.0,1.44
2026-08-24 09:52:01+00:00,4.58,0.43,363.0,1.44
2026-08-24 09:53:00+00:00,5.52,0.42,362.2,1.55
2026-08-24 09:53:01+00:00,4.58,0.65,362.2,1.55
2026-08-24 09:54:00+00:00,3.94,-1.25,381.86,2.68
2026-08-24 09:54:01+00:00,4.54,-0.43,381.86,2.68
2026-08-24 09:55:00+00:00,3.99,-0.35,363.3,1.41
2026-08-24 09:55:01+00:00,4.58,0.09,363.3,1.41
2026-08-24 09:56:00+00:00,3.97,-0.2,379.52,2.85
2026-08-24 09:56:01+00:00,4.58,-0.14,379.52,2.85
2026-08-24 09:57:00+00:00,5.55,0.28,360.9,1.34
2026-08-24 09:57:01+00:00,4.57,-0.46,360.9,1.34
2026-08-24 09:58:00+00:00,5.54,0.2,381.72,2.07
2026-08-24 09:58:01+00:00,4.57,-0.43,381.72,2.07
2026-08-24 09:59:00+00:00,5.52,0.25,352.53,3.14
2026-08-24 09:59:01+00:00,4.59,-0.03,352.53,3.14
2026-08-24 10:00:00+00:00,5.52,0.24,364.2,1.47
2026-08-24 10:00:01+00:00,4.58,0.24,364.2,1.47
2026-08-24 10:01:00+00:00,5.52,0.32,363.8,1.68
2026-08-24 10:01:01+00:00,4.6,0.11,363.8,1.68
2026-08-24 10:02:00+00:00,5.49,0.31,365.1,1.73
2026-08-24 10:02:01+00:00,4.6,-0.14,365.1,1.73
2026-08-24 10:03:00+00:00,4.38,1.64,365.9,2.0
2026-08-24 10:03:01+00:00,4.6,0.2,365.9,2.0
2026-08-24 10:04:00+00:00,4.38,3.23,366.0,2.03
2026-08-24 10:04:01+00:00,4.6,0.28,366.0,2.03
2026-08-24 10:05:00+00:00,4.42,2.67,362.6,1.59
2026-08-24 10:05:01+00:00,4.61,0.42,362.6,1.59
2026-08-24 10:06:00+00:00,4.43,2.51,363.5,1.45
2026-08-24 10:06:01+00:00,4.62,0.36,363.5,1.45
2026-08-24 10:07:00+00:00,5.52,-0.47,392.42,2.03
2026-08-24 10:07:01+00:00,4.62,0.26,392.42,2.03
2026-08-24 10:08:00+00:00,5.51,0.19,396.33,2.74
2026-08-24 10:08:01+00:00,4.61,0.09,396.33,2.74
2026-08-24 10:09:00+00:00,5.6,-0.74,384.76,2.2
2026-08-24 10:09:01+00:00,4.59,0.32,384.76,2.2
2026-08-24 10:10:00+00:00,5.41,0.73,377.32,2.11
2026-08-24 10:10:01+00:00,4.6,0.32,377.32,2.11
2026-08-24 10:11:00+00:00,4.3,2.59,371.67,2.38
2026-08-24 10:11:01+00:00,4.61,0.17,371.67,2.38
2026-08-24 10:12:00+00:00,5.22,1.54,376.87,3.86
2026-08-24 10:12:01+00:00,4.59,0.29,376.87,3.86
2026-08-24 10:13:00+00:00,5.3,0.75,365.4,1.86
2026-08-24 10:13:01+00:00,4.59,0.15,365.4,1.86
2026-08-24 10:14:00+00:00,5.32,0.75,382.7,2.22
2026-08-24 10:14:01+00:00,4.57,0.38,382.7,2.22
2026-08-24 10:15:00+00:00,5.32,0.66,367.1,1.79
2026-08-24 10:15:01+00:00,4.62,0.27,367.1,1.79
2026-08-24 10:16:00+00:00,4.34,1.63,382.32,1.78
2026-08-24 10:16:01+00:00,4.64,-0.68,382.32,1.78
2026-08-24 10:17:00+00:00,4.46,2.35,389.89,1.99
2026-08-24 10:17:01+00:00,4.64,0.48,389.89,1.99
2026-08-24 10:18:00+00:00,5.38,0.13,392.06,1.85
2026-08-24 10:18:01+00:00,4.61,1.42,392.06,1.85
2026-08-24 10:19:00+00:00,4.34,1.36,367.2,2.05
2026-08-24 10:19:01+00:00,4.63,1.39,367.2,2.05
2026-08-24 10:20:00+00:00,4.28,0.76,365.7,1.75
2026-08-24 10:20:01+00:00,4.61,1.39,365.7,1.75
2026-08-24 10:21:00+00:00,4.39,0.46,366.5,2.2
2026-08-24 10:21:01+00:00,4.66,1.88,366.5,2.2
2026-08-24 10:22:00+00:00,4.44,1.23,366.4,1.89
2026-08-24 10:22:01+00:00,4.68,1.57,366.4,1.89
2026-08-24 10:23:00+00:00,4.42,0.88,370.8,2.14
2026-08-24 10:23:01+00:00,4.64,1.57,370.8,2.14
2026-08-24 10:24:00+00:00,5.29,0.8,388.73,1.56
2026-08-24 10:24:01+00:00,4.57,0.71,388.73,1.56
2026-08-24 10:25:00+00:00,4.21,1.2,391.26,1.77
2026-08-24 10:25:01+00:00,4.51,0.4,391.26,1.77
2026-08-24 10:26:00+00:00,5.19,1.78,388.06,0.99
2026-08-24 10:26:01+00:00,4.54,0.31,388.06,0.99
2026-08-24 10:27:00+00:00,4.3,0.79,394.73,2.15
2026-08-24 10:27:01+00:00,4.6,0.52,394.73,2.15
2026-08-24 10:28:00+00:00,5.3,1.52,366.0,1.95
2026-08-24 10:28:01+00:00,4.61,0.66,366.0,1.95
2026-08-24 10:29:00+00:00,5.31,0.87,375.11,1.82
2026-08-24 10:29:01+00:00,4.57,0.48,375.11,1.82
2026-08-24 10:30:00+00:00,5.36,0.81,365.1,1.89
2026-08-24 10:30:01+00:00,4.59,0.3,365.1,1.89
2026-08-24 10:31:00+00:00,4.16,0.56,368.4,2.07
2026-08-24 10:31:01+00:00,4.59,0.43,368.4,2.07
2026-08-24 10:32:00+00:00,5.31,1.06,363.1,2.01
2026-08-24 10:32:01+00:00,4.56,0.64,363.1,2.01
2026-08-24 10:33:00+00:00,4.17,0.06,364.7,2.12
2026-08-24 10:33:01+00:00,4.58,0.57,364.7,2.12
2026-08-24 10:34:00+00:00,4.17,-0.04,363.6,2.18
2026-08-24 10:34:01+00:00,4.56,0.42,363.6,2.18
2026-08-24 10:35:00+00:00,4.27,-0.38,373.4,1.62
2026-08-24 10:35:01+00:00,4.62,0.06,373.4,1.62
2026-08-24 10:36:00+00:00,5.39,1.3,377.01,1.75
2026-08-24 10:36:01+00:00,4.61,0.34,377.01,1.75
2026-08-24 10:37:00+00:00,4.18,0.15,361.9,2.11
2026-08-24 10:37:01+00:00,4.66,0.2,361.9,2.11
2026-08-24 10:38:00+00:00,5.34,1.37,363.7,2.24
2026-08-24 10:38:01+00:00,4.69,1.25,363.7,2.24
2026-08-24 10:39:00+00:00,4.17,0.64,362.0,1.77
2026-08-24 10:39:01+00:00,4.68,1.27,362.0,1.77
2026-08-24 10:40:00+00:00,4.12,0.64,373.0,2.71
2026-08-24 10:40:01+00:00,4.67,0.92,373.0,2.71
2026-08-24 10:41:00+00:00,4.12,0.56,364.2,2.08
2026-08-24 10:41:01+00:00,4.69,0.82,364.2,2.08
2026-08-24 10:42:00+00:00,4.12,0.68,364.4,1.96
2026-08-24 10:42:01+00:00,4.63,1.49,364.4,1.96
2026-08-24 10:43:00+00:00,4.15,0.69,368.17,1.81
2026-08-24 10:43:01+00:00,4.66,1.67,368.17,1.81
2026-08-24 10:44:00+00:00,5.17,1.56,367.01,1.74
2026-08-24 10:44:01+00:00,4.71,1.45,367.01,1.74
2026-08-24 10:45:00+00:00,4.19,0.72,370.44,1.88
2026-08-24 10:45:01+00:00,4.68,1.46,370.44,1.88
2026-08-24 10:46:00+00:00,4.18,0.72,369.93,1.96
2026-08-24 10:46:01+00:00,4.67,1.54,369.93,1.96
2026-08-24 10:47:00+00:00,5.17,1.89,367.87,1.77
2026-08-24 10:47:01+00:00,4.65,0.73,367.87,1.77
2026-08-24 10:48:00+00:00,4.19,0.64,370.1,2.55
2026-08-24 10:48:01+00:00,4.66,1.19,370.1,2.55
2026-08-24 10:49:00+00:00,4.13,0.78,370.27,1.94
2026-08-24 10:49:01+00:00,4.69,0.94,370.27,1.94
2026-08-24 10:50:00+00:00,4.13,0.66,365.1,2.39
2026-08-24 10:50:01+00:00,4.68,1.41,365.1,2.39
2026-08-24 10:51:00+00:00,5.19,1.43,362.92,1.47
2026-08-24 10:51:01+00:00,4.66,1.83,362.92,1.47
2026-08-24 10:52:00+00:00,4.09,0.7,371.88,1.89
2026-08-24 10:52:01+00:00,4.61,1.79,371.88,1.89
2026-08-24 10:53:00+00:00,4.09,0.63,369.13,1.82
2026-08-24 10:53:01+00:00,4.64,1.44,369.13,1.82
2026-08-24 10:54:00+00:00,4.08,0.5,365.6,2.38
2026-08-24 10:54:01+00:00,4.65,1.52,365.6,2.38
2026-08-24 10:55:00+00:00,4.1,0.64,366.8,2.54
2026-08-24 10:55:01+00:00,4.68,1.42,366.8,2.54
2026-08-24 10:56:00+00:00,4.13,0.84,360.3,2.24
2026-08-24 10:56:01+00:00,4.68,1.6,360.3,2.24
2026-08-24 10:57:00+00:00,4.16,0.87,366.1,2.36
2026-08-24 10:57:01+00:00,4.66,1.85,366.1,2.36
2026-08-24 10:58:00+00:00,4.19,0.72,374.76,2.69
2026-08-24 10:58:01+00:00,4.66,1.86,374.76,2.69
2026-08-24 10:59:00+00:00,5.21,1.71,372.09,1.55
2026-08-24 10:59:01+00:00,4.66,2.12,372.09,1.55
2026-08-24 11:00:00+00:00,4.13,0.75,371.15,2.03
2026-08-24 11:00:01+00:00,4.54,1.98,371.15,2.03
2026-08-24 11:01:00+00:00,4.09,0.81,367.4,1.91
2026-08-24 11:01:01+00:00,4.53,1.76,367.4,1.91
2026-08-24 11:02:00+00:00,5.26,1.41,363.6,2.31
2026-08-24 11:02:01+00:00,4.52,1.69,363.6,2.31
2026-08-24 11:03:00+00:00,5.26,1.35,367.51,1.49
2026-08-24 11:03:01+00:00,4.5,1.74,367.51,1.49
2026-08-24 11:04:00+00:00,4.17,0.59,373.8,1.91
2026-08-24 11:04:01+00:00,4.46,1.53,373.8,1.91
2026-08-24 11:05:00+00:00,4.19,0.43,356.0,2.23
2026-08-24 11:05:01+00:00,4.43,1.54,356.0,2.23
2026-08-24 11:06:00+00:00,5.12,1.33,354.6,2.07
2026-08-24 11:06:01+00:00,4.43,1.61,354.6,2.07
2026-08-24 11:07:00+00:00,5.04,1.6,364.23,1.13
2026-08-24 11:07:01+00:00,4.39,1.49,364.23,1.13
2026-08-24 11:08:00+00:00,4.99,1.96,355.1,2.41
2026-08-24 11:08:01+00:00,4.38,1.31,355.1,2.41
2026-08-24 11:09:00+00:00,4.5,3.48,380.3,2.05
2026-08-24 11:09:01+00:00,4.41,1.35,380.3,2.05
2026-08-24 11:10:00+00:00,4.58,2.94,347.7,2.22
2026-08-24 11:10:01+00:00,4.32,1.69,347.7,2.22
2026-08-24 11:11:00+00:00,4.32,3.49,348.6,2.34
2026-08-24 11:11:01+00:00,4.41,3.78,348.6,2.34
2026-08-24 11:12:00+00:00,4.09,0.65,351.3,2.26
2026-08-24 11:12:01+00:00,4.45,3.61,351.3,2.26
2026-08-24 11:13:00+00:00,4.11,0.99,348.7,2.4
2026-08-24 11:13:01+00:00,4.45,3.77,348.7,2.4
2026-08-24 11:14:00+00:00,4.39,3.48,385.93,2.41
2026-08-24 11:14:01+00:00,4.46,3.73,385.93,2.41
2026-08-24 11:15:00+00:00,4.35,3.44,345.8,2.29
2026-08-24 11:15:01+00:00,4.45,3.48,345.8,2.29
2026-08-24 11:16:00+00:00,4.12,0.71,346.2,2.22
2026-08-24 11:16:01+00:00,4.42,3.39,346.2,2.22
2026-08-24 11:17:00+00:00,4.39,3.64,374.87,1.91
2026-08-24 11:17:01+00:00,4.41,3.38,374.87,1.91
2026-08-24 11:18:00+00:00,4.28,1.31,348.0,2.19
2026-08-24 11:18:01+00:00,4.38,3.37,348.0,2.19
2026-08-24 11:19:00+00:00,4.43,3.66,380.55,1.93
2026-08-24 11:19:01+00:00,4.37,3.41,380.55,1.93
2026-08-24 11:20:00+00:00,4.26,1.39,343.7,1.88
2026-08-24 11:20:01+00:00,4.37,3.4,343.7,1.88
2026-08-24 11:21:00+00:00,4.48,3.95,386.66,2.59
2026-08-24 11:21:01+00:00,4.36,3.46,386.66,2.59
2026-08-24 11:22:00+00:00,4.24,1.32,348.7,2.21
2026-08-24 11:22:01+00:00,4.34,3.47,348.7,2.21
2026-08-24 11:23:00+00:00,4.51,3.57,381.81,2.1
2026-08-24 11:23:01+00:00,4.35,3.42,381.81,2.1
2026-08-24 11:24:00+00:00,4.29,1.8,349.9,2.08
2026-08-24 11:24:01+00:00,4.36,3.54,349.9,2.08
2026-08-24 11:25:00+00:00,4.23,1.45,347.5,2.06
2026-08-24 11:25:01+00:00,4.39,3.63,347.5,2.06
2026-08-24 11:26:00+00:00,4.28,1.8,349.2,2.28
2026-08-24 11:26:01+00:00,4.4,3.5,349.2,2.28
2026-08-24 11:27:00+00:00,4.34,3.49,385.44,2.66
2026-08-24 11:27:01+00:00,4.41,3.48,385.44,2.66
2026-08-24 11:28:00+00:00,4.38,2.14,350.6,2.25
2026-08-24 11:28:01+00:00,4.4,3.45,350.6,2.25
2026-08-24 11:29:00+00:00,4.32,3.39,385.32,1.82
2026-08-24 11:29:01+00:00,4.45,3.02,385.32,1.82
2026-08-24 11:30:00+00:00,4.24,2.1,377.17,1.84
2026-08-24 11:30:01+00:00,4.47,3.18,377.17,1.84
2026-08-24 11:31:00+00:00,4.58,3.42,341.6,2.13
2026-08-24 11:31:01+00:00,4.47,3.98,341.6,2.13
2026-08-24 11:32:00+00:00,4.16,1.61,345.3,2.22
2026-08-24 11:32:01+00:00,4.53,3.62,345.3,2.22
2026-08-24 11:33:00+00:00,4.06,1.32,390.89,2.49
2026-08-24 11:33:01+00:00,4.55,2.98,390.89,2.49
2026-08-24 11:34:00+00:00,3.86,2.22,388.96,2.64
2026-08-24 11:34:01+00:00,4.62,3.43,388.96,2.64
2026-08-24 11:35:00+00:00,4.5,3.11,371.59,2.27
2026-08-24 11:35:01+00:00,4.71,3.41,371.59,2.27
2026-08-24 11:36:00+00:00,4.6,3.65,360.64,2.37
2026-08-24 11:36:01+00:00,4.64,3.77,360.64,2.37
2026-08-24 11:37:00+00:00,4.57,3.48,342.9,2.26
2026-08-24 11:37:01+00:00,4.69,3.54,342.9,2.26
2026-08-24 11:38:00+00:00,4.6,3.43,344.3,2.26
2026-08-24 11:38:01+00:00,4.72,3.8,344.3,2.26
2026-08-24 11:39:00+00:00,4.94,3.25,379.05,2.95
2026-08-24 11:39:01+00:00,4.69,3.55,379.05,2.95
2026-08-24 11:40:00+00:00,4.93,3.19,343.4,2.28
2026-08-24 11:40:01+00:00,4.66,3.27,343.4,2.28
2026-08-24 11:41:00+00:00,4.63,3.4,345.8,2.34
2026-08-24 11:41:01+00:00,4.61,3.21,345.8,2.34
2026-08-24 11:42:00+00:00,4.56,3.25,374.6,2.01
2026-08-24 11:42:01+00:00,4.59,3.48,374.6,2.01
2026-08-24 11:43:00+00:00,4.69,2.89,392.72,4.6
2026-08-24 11:43:01+00:00,4.64,3.71,392.72,4.6
2026-08-24 11:44:00+00:00,4.76,2.98,346.9,2.5
2026-08-24 11:44:01+00:00,4.66,3.68,346.9,2.5
2026-08-24 11:45:00+00:00,4.54,3.39,347.4,2.52
2026-08-24 11:45:01+00:00,4.59,3.51,347.4,2.52
2026-08-24 11:46:00+00:00,4.9,3.58,372.92,4.38
2026-08-24 11:46:01+00:00,4.61,3.39,372.92,4.38
2026-08-24 11:47:00+00:00,4.91,3.44,375.16,2.78
2026-08-24 11:47:01+00:00,4.6,3.22,375.16,2.78
2026-08-24 11:48:00+00:00,4.89,3.16,345.4,2.48
2026-08-24 11:48:01+00:00,4.64,3.39,345.4,2.48
2026-08-24 11:49:00+00:00,4.91,3.17,346.2,2.51
2026-08-24 11:49:01+00:00,4.65,3.21,346.2,2.51
2026-08-24 11:50:00+00:00,4.82,3.27,348.8,2.43
2026-08-24 11:50:01+00:00,4.71,3.18,348.8,2.43
2026-08-24 11:51:00+00:00,4.83,3.03,350.3,2.23
2026-08-24 11:51:01+00:00,4.67,3.14,350.3,2.23
2026-08-24 11:52:00+00:00,4.83,3.41,373.96,3.03
2026-08-24 11:52:01+00:00,4.63,2.94,373.96,3.03
2026-08-24 11:53:00+00:00,4.72,3.28,372.98,2.98
2026-08-24 11:53:01+00:00,4.73,3.73,372.98,2.98
2026-08-24 11:54:00+00:00,4.74,3.59,372.34,2.79
2026-08-24 11:54:01+00:00,4.74,3.68,372.34,2.79
2026-08-24 11:55:00+00:00,4.98,3.36,344.5,2.12
2026-08-24 11:55:01+00:00,4.75,3.61,344.5,2.12
2026-08-24 11:56:00+00:00,4.97,3.23,348.0,2.11
2026-08-24 11:56:01+00:00,4.71,3.7,348.0,2.11
2026-08-24 11:57:00+00:00,4.63,3.9,371.9,2.23
2026-08-24 11:57:01+00:00,4.76,3.79,371.9,2.23
2026-08-24 11:58:00+00:00,4.71,3.91,368.55,1.64
2026-08-24 11:58:01+00:00,4.8,3.69,368.55,1.64
2026-08-24 11:59:00+00:00,4.75,4.05,349.8,2.02
2026-08-24 11:59:01+00:00,4.82,3.82,349.8,2.02
2026-08-24 12:00:00+00:00,4.7,4.0,351.8,2.05
2026-08-24 12:00:01+00:00,4.83,3.77,351.8,2.05
2026-08-24 12:01:00+00:00,4.7,4.0,370.49,1.85
2026-08-24 12:01:01+00:00,4.83,3.8,370.49,1.85
2026-08-24 12:02:00+00:00,4.74,4.01,349.5,2.07
2026-08-24 12:02:01+00:00,4.86,3.79,349.5,2.07
2026-08-24 12:03:00+00:00,4.7,4.0,352.1,2.12
2026-08-24 12:03:01+00:00,4.83,3.65,352.1,2.12
2026-08-24 12:04:00+00:00,4.91,2.71,350.1,2.26
2026-08-24 12:04:01+00:00,4.74,4.04,350.1,2.26
2026-08-24 12:05:00+00:00,4.93,2.72,377.25,1.89
2026-08-24 12:05:01+00:00,4.8,4.16,377.25,1.89
2026-08-24 12:06:00+00:00,4.66,3.95,345.9,2.03
2026-08-24 12:06:01+00:00,4.81,3.76,345.9,2.03
2026-08-24 12:07:00+00:00,4.99,2.45,351.1,2.29
2026-08-24 12:07:01+00:00,4.7,3.77,351.1,2.29
2026-08-24 12:08:00+00:00,4.69,3.59,347.7,1.98
2026-08-24 12:08:01+00:00,4.77,3.72,347.7,1.98
2026-08-24 12:09:00+00:00,5.02,2.41,351.0,2.18
2026-08-24 12:09:01+00:00,4.78,3.69,351.0,2.18
2026-08-24 12:10:00+00:00,4.68,3.86,370.48,1.53
2026-08-24 12:10:01+00:00,4.78,3.71,370.48,1.53
2026-08-24 12:11:00+00:00,4.45,3.94,379.29,2.33
2026-08-24 12:11:01+00:00,4.79,3.63,379.29,2.33
2026-08-24 12:12:00+00:00,4.52,3.82,359.0,2.2
2026-08-24 12:12:01+00:00,4.83,3.65,359.0,2.2
2026-08-24 12:13:00+00:00,4.73,3.3,353.8,2.38
2026-08-24 12:13:01+00:00,4.82,3.69,353.8,2.38
2026-08-24 12:14:00+00:00,5.03,2.38,365.61,1.25
2026-08-24 12:14:01+00:00,4.83,3.73,365.61,1.25
2026-08-24 12:15:00+00:00,4.86,3.35,354.1,2.49
2026-08-24 12:15:01+00:00,4.98,2.57,354.1,2.49
2026-08-24 12:16:00+00:00,5.15,2.87,353.0,2.17
2026-08-24 12:16:01+00:00,5.15,1.59,353.0,2.17
2026-08-24 12:17:00+00:00,5.27,2.98,375.19,2.13
2026-08-24 12:17:01+00:00,5.14,1.71,375.19,2.13
2026-08-24 12:18:00+00:00,5.16,2.93,368.57,1.72
2026-08-24 12:18:01+00:00,5.14,1.69,368.57,1.72
2026-08-24 12:19:00+00:00,5.08,3.03,376.32,2.49
2026-08-24 12:19:01+00:00,5.14,1.39,376.32,2.49
2026-08-24 12:20:00+00:00,4.83,3.28,378.78,2.6
2026-08-24 12:20:01+00:00,5.12,1.8,378.78,2.6
2026-08-24 12:21:00+00:00,4.92,1.62,358.1,2.29
2026-08-24 12:21:01+00:00,5.19,1.8,358.1,2.29
2026-08-24 12:22:00+00:00,4.93,1.63,373.37,1.97
2026-08-24 12:22:01+00:00,5.15,1.6,373.37,1.97
2026-08-24 12:23:00+00:00,5.22,2.37,375.19,2.11
2026-08-24 12:23:01+00:00,5.04,2.04,375.19,2.11
2026-08-24 12:24:00+00:00,5.18,2.7,357.3,2.43
2026-08-24 12:24:01+00:00,4.99,1.67,357.3,2.43
2026-08-24 12:25:00+00:00,5.24,3.02,370.76,1.45
2026-08-24 12:25:01+00:00,5.01,1.59,370.76,1.45
2026-08-24 12:26:00+00:00,5.29,2.49,370.63,1.43
2026-08-24 12:26:01+00:00,5.04,1.98,370.63,1.43
2026-08-24 12:27:00+00:00,5.25,2.61,382.94,2.36
2026-08-24 12:27:01+00:00,5.02,2.2,382.94,2.36
2026-08-24 12:28:00+00:00,5.24,2.72,375.48,1.79
2026-08-24 12:28:01+00:00,5.01,2.02,375.48,1.79
2026-08-24 12:29:00+00:00,4.81,1.37,370.44,1.58
2026-08-24 12:29:01+00:00,5.02,1.94,370.44,1.58
2026-08-24 12:30:00+00:00,4.77,1.97,365.74,1.18
2026-08-24 12:30:01+00:00,5.03,1.91,365.74,1.18
2026-08-24 12:31:00+00:00,5.22,2.63,381.08,2.46
2026-08-24 12:31:01+00:00,5.03,1.6,381.08,2.46
2026-08-24 12:32:00+00:00,4.8,2.11,381.72,2.38
2026-08-24 12:32:01+00:00,4.99,1.77,381.72,2.38
2026-08-24 12:33:00+00:00,4.88,2.53,371.06,1.48
2026-08-24 12:33:01+00:00,4.95,1.77,371.06,1.48
2026-08-24 12:34:00+00:00,5.14,2.24,351.6,2.66
2026-08-24 12:34:01+00:00,4.97,1.61,351.6,2.66
2026-08-24 12:35:00+00:00,4.85,2.4,353.4,2.75
2026-08-24 12:35:01+00:00,4.94,1.75,353.4,2.75
2026-08-24 12:36:00+00:00,5.09,2.35,355.2,2.66
2026-08-24 12:36:01+00:00,4.99,1.75,355.2,2.66
2026-08-24 12:37:00+00:00,4.65,1.75,353.3,2.7
2026-08-24 12:37:01+00:00,4.94,1.85,353.3,2.7
2026-08-24 12:38:00+00:00,5.08,2.54,378.1,2.12
2026-08-24 12:38:01+00:00,4.9,2.04,378.1,2.12
2026-08-24 12:39:00+00:00,4.72,1.43,353.0,2.76
2026-08-24 12:39:01+00:00,4.91,2.02,353.0,2.76
2026-08-24 12:40:00+00:00,4.7,1.39,352.1,2.47
2026-08-24 12:40:01+00:00,4.84,1.83,352.1,2.47
2026-08-24 12:41:00+00:00,5.05,2.49,355.7,2.82
2026-08-24 12:41:01+00:00,4.99,2.06,355.7,2.82
2026-08-24 12:42:00+00:00,5.08,2.36,354.1,2.69
2026-08-24 12:42:01+00:00,4.93,1.73,354.1,2.69
2026-08-24 12:43:00+00:00,4.69,2.53,353.2,2.4
2026-08-24 12:43:01+00:00,4.91,1.59,353.2,2.4
2026-08-24 12:44:00+00:00,4.73,2.73,353.6,2.39
2026-08-24 12:44:01+00:00,4.89,1.67,353.6,2.39
2026-08-24 12:45:00+00:00,5.17,2.46,373.1,2.16
2026-08-24 12:45:01+00:00,4.88,1.52,373.1,2.16
2026-08-24 12:46:00+00:00,5.13,2.48,352.9,2.47
2026-08-24 12:46:01+00:00,4.95,1.48,352.9,2.47
2026-08-24 12:47:00+00:00,4.63,1.6,375.19,2.05
2026-08-24 12:47:01+00:00,4.94,1.47,375.19,2.05
2026-08-24 12:48:00+00:00,4.66,1.55,353.0,2.42
2026-08-24 12:48:01+00:00,4.93,1.63,353.0,2.42
2026-08-24 12:49:00+00:00,4.78,1.31,352.5,2.19
2026-08-24 12:49:01+00:00,4.97,1.64,352.5,2.19
2026-08-24 12:50:00+00:00,5.11,2.17,362.47,1.01
2026-08-24 12:50:01+00:00,4.98,1.63,362.47,1.01
2026-08-24 12:51:00+00:00,5.12,2.41,350.8,1.94
2026-08-24 12:51:01+00:00,4.95,1.45,350.8,1.94
2026-08-24 12:52:00+00:00,4.86,1.14,378.37,2.2
2026-08-24 12:52:01+00:00,4.96,1.46,378.37,2.2
2026-08-24 12:53:00+00:00,4.81,2.15,369.91,1.73
2026-08-24 12:53:01+00:00,4.93,1.66,369.91,1.73
2026-08-24 12:54:00+00:00,4.93,0.23,349.3,2.17
2026-08-24 12:54:01+00:00,4.95,1.59,349.3,2.17
2026-08-24 12:55:00+00:00,4.91,0.38,359.27,2.13
2026-08-24 12:55:01+00:00,4.93,1.55,359.27,2.13
2026-08-24 12:56:00+00:00,4.97,-0.14,353.5,2.03
2026-08-24 12:56:01+00:00,4.95,1.4,353.5,2.03
2026-08-24 12:57:00+00:00,4.89,0.57,356.95,1.9
2026-08-24 12:57:01+00:00,4.92,1.6,356.95,1.9
2026-08-24 12:58:00+00:00,4.86,1.51,359.24,2.13
2026-08-24 12:58:01+00:00,4.91,1.09,359.24,2.13
2026-08-24 12:59:00+00:00,4.86,1.2,352.0,2.66
2026-08-24 12:59:01+00:00,4.89,1.11,352.0,2.66
2026-08-24 13:00:00+00:00,4.9,1.56,353.0,2.64
2026-08-24 13:00:01+00:00,4.93,1.46,353.0,2.64
2026-08-24 13:01:00+00:00,4.8,2.22,357.36,1.88
2026-08-24 13:01:01+00:00,4.92,1.46,357.36,1.88
2026-08-24 13:02:00+00:00,4.79,2.23,360.46,2.03
2026-08-24 13:02:01+00:00,4.93,1.31,360.46,2.03
2026-08-24 13:03:00+00:00,4.75,2.23,358.39,1.98
2026-08-24 13:03:01+00:00,4.91,1.29,358.39,1.98
2026-08-24 13:04:00+00:00,4.77,2.18,353.3,2.61
2026-08-24 13:04:01+00:00,4.95,1.12,353.3,2.61
2026-08-24 13:05:00+00:00,4.88,1.22,348.83,0.98
2026-08-24 13:05:01+00:00,4.93,1.31,348.83,0.98
2026-08-24 13:06:00+00:00,4.75,1.99,354.5,2.64
2026-08-24 13:06:01+00:00,5.1,1.69,354.5,2.64
2026-08-24 13:07:00+00:00,4.89,1.29,355.2,2.6
2026-08-24 13:07:01+00:00,5.04,1.25,355.2,2.6
2026-08-24 13:08:00+00:00,4.93,1.01,354.6,2.67
2026-08-24 13:08:01+00:00,5.05,1.24,354.6,2.67
2026-08-24 13:09:00+00:00,4.92,0.56,355.0,2.63
2026-08-24 13:09:01+00:00,5.06,1.24,355.0,2.63
2026-08-24 13:10:00+00:00,4.9,0.94,345.8,1.79
2026-08-24 13:10:01+00:00,5.01,0.86,345.8,1.79
2026-08-24 13:11:00+00:00,4.87,1.11,355.7,2.41
2026-08-24 13:11:01+00:00,5.05,1.61,355.7,2.41
2026-08-24 13:12:00+00:00,4.96,1.32,356.9,2.47
2026-08-24 13:12:01+00:00,5.05,1.76,356.9,2.47
2026-08-24 13:13:00+00:00,4.54,2.3,357.2,2.53
2026-08-24 13:13:01+00:00,5.02,1.68,357.2,2.53
2026-08-24 13:14:00+00:00,4.42,2.16,346.56,1.85
2026-08-24 13:14:01+00:00,5.04,1.46,346.56,1.85
2026-08-24 13:15:00+00:00,5.03,1.74,353.6,2.5
2026-08-24 13:15:01+00:00,5.06,1.57,353.6,2.5
2026-08-24 13:16:00+00:00,4.53,2.13,339.61,1.49
2026-08-24 13:16:01+00:00,5.07,1.62,339.61,1.49
2026-08-24 13:17:00+00:00,5.09,1.55,333.6,1.32
2026-08-24 13:17:01+00:00,5.08,1.7,333.6,1.32
2026-08-24 13:18:00+00:00,4.54,2.08,343.84,1.77
2026-08-24 13:18:01+00:00,5.07,1.45,343.84,1.77
2026-08-24 13:19:00+00:00,4.56,2.0,356.3,2.49
2026-08-24 13:19:01+00:00,5.07,1.28,356.3,2.49
2026-08-24 13:20:00+00:00,5.07,1.19,356.0,2.52
2026-08-24 13:20:01+00:00,5.06,1.07,356.0,2.52
2026-08-24 13:21:00+00:00,4.67,2.51,346.46,1.93
2026-08-24 13:21:01+00:00,5.07,1.18,346.46,1.93
2026-08-24 13:22:00+00:00,5.15,1.01,352.67,1.93
2026-08-24 13:22:01+00:00,5.03,1.08,352.67,1.93
2026-08-24 13:23:00+00:00,4.69,2.79,353.66,1.93
2026-08-24 13:23:01+00:00,4.99,1.25,353.66,1.93
2026-08-24 13:24:00+00:00,4.68,2.68,354.16,2.12
2026-08-24 13:24:01+00:00,5.01,1.51,354.16,2.12
2026-08-24 13:25:00+00:00,4.73,2.29,352.48,2.1
2026-08-24 13:25:01+00:00,5.04,1.12,352.48,2.1
2026-08-24 13:26:00+00:00,4.79,2.3,354.53,2.11
2026-08-24 13:26:01+00:00,5.08,1.41,354.53,2.11
2026-08-24 13:27:00+00:00,5.11,1.38,358.08,1.86
2026-08-24 13:27:01+00:00,5.1,1.69,358.08,1.86
2026-08-24 13:28:00+00:00,4.76,2.34,353.46,1.44
2026-08-24 13:28:01+00:00,5.05,1.37,353.46,1.44
2026-08-24 13:29:00+00:00,4.63,1.93,356.1,2.53
2026-08-24 13:29:01+00:00,5.03,1.31,356.1,2.53
2026-08-24 13:30:00+00:00,5.07,1.48,353.88,2.33
2026-08-24 13:30:01+00:00,4.99,1.42,353.88,2.33
2026-08-24 13:31:00+00:00,4.68,1.91,353.55,2.14
2026-08-24 13:31:01+00:00,4.98,1.56,353.55,2.14
2026-08-24 13:32:00+00:00,4.69,2.02,353.39,1.92
2026-08-24 13:32:01+00:00,5.0,1.69,353.39,1.92
2026-08-24 13:33:00+00:00,5.01,1.45,351.0,2.66
2026-08-24 13:33:01+00:00,5.0,1.52,351.0,2.66
2026-08-24 13:34:00+00:00,4.06,2.06,349.4,2.69
2026-08-24 13:34:01+00:00,5.01,1.56,349.4,2.69
2026-08-24 13:35:00+00:00,4.67,2.16,346.5,2.79
2026-08-24 13:35:01+00:00,5.03,1.85,346.5,2.79
2026-08-24 13:36:00+00:00,5.13,1.8,353.74,1.98
2026-08-24 13:36:01+00:00,5.09,2.1,353.74,1.98
2026-08-24 13:37:00+00:00,4.77,2.56,353.56,1.92
2026-08-24 13:37:01+00:00,5.08,2.13,353.56,1.92
2026-08-24 13:38:00+00:00,4.77,2.33,352.99,2.06
2026-08-24 13:38:01+00:00,5.12,2.1,352.99,2.06
2026-08-24 13:39:00+00:00,4.8,2.5,350.8,2.59
2026-08-24 13:39:01+00:00,5.16,3.79,350.8,2.59
2026-08-24 13:40:00+00:00,4.82,2.4,352.9,2.0
2026-08-24 13:40:01+00:00,5.17,3.76,352.9,2.0
2026-08-24 13:41:00+00:00,4.99,2.46,344.1,2.5
2026-08-24 13:41:01+00:00,5.14,3.14,344.1,2.5
2026-08-24 13:42:00+00:00,5.11,3.22,352.16,2.08
2026-08-24 13:42:01+00:00,5.15,2.84,352.16,2.08
2026-08-24 13:43:00+00:00,5.19,3.43,348.1,2.42
2026-08-24 13:43:01+00:00,5.13,2.87,348.1,2.42
2026-08-24 13:44:00+00:00,5.19,2.96,351.88,4.75
2026-08-24 13:44:01+00:00,5.07,3.16,351.88,4.75
2026-08-24 13:45:00+00:00,5.18,2.99,352.38,2.14
2026-08-24 13:45:01+00:00,5.08,3.44,352.38,2.14
2026-08-24 13:46:00+00:00,4.73,2.58,353.12,2.1
2026-08-24 13:46:01+00:00,5.09,3.42,353.12,2.1
2026-08-24 13:47:00+00:00,5.15,3.24,343.6,2.35
2026-08-24 13:47:01+00:00,5.1,2.32,343.6,2.35
2026-08-24 13:48:00+00:00,4.75,2.8,344.8,2.4
2026-08-24 13:48:01+00:00,5.01,1.81,344.8,2.4
2026-08-24 13:49:00+00:00,5.12,3.26,346.2,2.35
2026-08-24 13:49:01+00:00,4.96,1.62,346.2,2.35
2026-08-24 13:50:00+00:00,4.74,2.85,350.7,2.72
2026-08-24 13:50:01+00:00,4.96,1.63,350.7,2.72
2026-08-24 13:51:00+00:00,4.57,1.98,353.02,2.14
2026-08-24 13:51:01+00:00,5.01,2.05,353.02,2.14
2026-08-24 13:52:00+00:00,4.94,1.75,354.78,2.44
2026-08-24 13:52:01+00:00,4.98,2.11,354.78,2.44
2026-08-24 13:53:00+00:00,4.66,2.18,352.8,2.74
2026-08-24 13:53:01+00:00,5.04,2.0,352.8,2.74
2026-08-24 13:54:00+00:00,4.89,1.94,353.0,2.69
2026-08-24 13:54:01+00:00,5.0,1.98,353.0,2.69
2026-08-24 13:55:00+00:00,4.91,1.95,349.8,2.61
2026-08-24 13:55:01+00:00,5.03,2.11,349.8,2.61
2026-08-24 13:56:00+00:00,4.99,2.06,355.5,4.85
2026-08-24 13:56:01+00:00,5.0,2.02,355.5,4.85
2026-08-24 13:57:00+00:00,4.92,2.13,353.86,2.21
2026-08-24 13:57:01+00:00,4.97,1.97,353.86,2.21
2026-08-24 13:58:00+00:00,4.96,2.35,353.94,2.14
2026-08-24 13:58:01+00:00,4.99,2.09,353.94,2.14
2026-08-24 13:59:00+00:00,4.96,2.18,350.2,2.88
2026-08-24 13:59:01+00:00,4.95,1.97,350.2,2.88
2026-08-24 14:00:00+00:00,4.94,1.75,354.74,2.08
2026-08-24 14:00:01+00:00,4.99,1.98,354.74,2.08
2026-08-24 14:01:00+00:00,4.99,1.85,350.0,2.69
2026-08-24 14:01:01+00:00,5.05,1.39,350.0,2.69
2026-08-24 14:02:00+00:00,4.99,1.84,356.44,2.26
2026-08-24 14:02:01+00:00,4.97,1.96,356.44,2.26
2026-08-24 14:03:00+00:00,5.04,1.98,350.3,2.54
2026-08-24 14:03:01+00:00,4.94,1.84,350.3,2.54
2026-08-24 14:04:00+00:00,4.99,1.94,358.14,2.31
2026-08-24 14:04:01+00:00,4.89,1.78,358.14,2.31
2026-08-24 14:05:00+00:00,5.03,1.83,357.35,2.48
2026-08-24 14:05:01+00:00,4.96,1.85,357.35,2.48
2026-08-24 14:06:00+00:00,5.0,1.85,349.9,2.61
2026-08-24 14:06:01+00:00,4.98,1.69,349.9,2.61
2026-08-24 14:07:00+00:00,4.81,3.25,346.2,2.57
2026-08-24 14:07:01+00:00,4.98,1.53,346.2,2.57
2026-08-24 14:08:00+00:00,4.72,3.5,356.92,2.39
2026-08-24 14:08:01+00:00,5.03,1.87,356.92,2.39
2026-08-24 14:09:00+00:00,4.76,3.62,353.79,2.99
2026-08-24 14:09:01+00:00,5.12,1.84,353.79,2.99
2026-08-24 14:10:00+00:00,5.01,1.79,353.25,2.84
2026-08-24 14:10:01+00:00,5.01,2.11,353.25,2.84
2026-08-24 14:11:00+00:00,4.86,4.11,350.4,2.65
2026-08-24 14:11:01+00:00,4.94,2.22,350.4,2.65
2026-08-24 14:12:00+00:00,4.86,4.0,358.12,2.56
2026-08-24 14:12:01+00:00,4.93,2.11,358.12,2.56
2026-08-24 14:13:00+00:00,5.01,2.1,355.07,2.7
2026-08-24 14:13:01+00:00,4.96,2.37,355.07,2.7
2026-08-24 14:14:00+00:00,5.02,2.2,349.67,5.38
2026-08-24 14:14:01+00:00,4.94,2.19,349.67,5.38
2026-08-24 14:15:00+00:00,4.97,4.61,359.22,2.29
2026-08-24 14:15:01+00:00,4.94,2.12,359.22,2.29
2026-08-24 14:16:00+00:00,4.91,2.21,358.14,2.24
2026-08-24 14:16:01+00:00,5.02,2.54,358.14,2.24
2026-08-24 14:17:00+00:00,4.88,4.65,356.53,2.13
2026-08-24 14:17:01+00:00,4.93,2.61,356.53,2.13
2026-08-24 14:18:00+00:00,4.88,4.73,346.1,2.94
2026-08-24 14:18:01+00:00,4.91,2.34,346.1,2.94
2026-08-24 14:19:00+00:00,4.85,4.73,347.2,2.87
2026-08-24 14:19:01+00:00,5.07,2.44,347.2,2.87
2026-08-24 14:20:00+00:00,4.87,1.99,348.1,2.81
2026-08-24 14:20:01+00:00,5.16,2.38,348.1,2.81
2026-08-24 14:21:00+00:00,4.83,4.7,359.12,1.74
2026-08-24 14:21:01+00:00,5.18,2.53,359.12,1.74
2026-08-24 14:22:00+00:00,4.86,4.72,344.5,2.74
2026-08-24 14:22:01+00:00,5.12,2.98,344.5,2.74
2026-08-24 14:23:00+00:00,4.91,2.08,360.78,1.58
2026-08-24 14:23:01+00:00,4.95,2.13,360.78,1.58
2026-08-24 14:24:00+00:00,4.78,4.41,346.8,2.85
2026-08-24 14:24:01+00:00,4.83,1.65,346.8,2.85
2026-08-24 14:25:00+00:00,4.85,4.42,348.9,2.79
2026-08-24 14:25:01+00:00,4.92,1.91,348.9,2.79
2026-08-24 14:26:00+00:00,4.75,2.08,349.0,2.82
2026-08-24 14:26:01+00:00,4.82,1.6,349.0,2.82
2026-08-24 14:27:00+00:00,4.77,2.22,347.4,2.76
2026-08-24 14:27:01+00:00,4.83,1.48,347.4,2.76
2026-08-24 14:28:00+00:00,4.75,4.35,351.87,5.08
2026-08-24 14:28:01+00:00,4.85,1.78,351.87,5.08
2026-08-24 14:29:00+00:00,4.68,4.27,350.0,2.66
2026-08-24 14:29:01+00:00,4.87,1.22,350.0,2.66
2026-08-24 14:30:00+00:00,4.83,1.68,346.6,3.0
2026-08-24 14:30:01+00:00,4.87,1.45,346.6,3.0
2026-08-24 14:31:00+00:00,4.77,1.31,362.39,2.25
2026-08-24 14:31:01+00:00,4.86,1.7,362.39,2.25
2026-08-24 14:32:00+00:00,4.68,1.6,351.9,2.64
2026-08-24 14:32:01+00:00,4.83,1.62,351.9,2.64
2026-08-24 14:33:00+00:00,4.63,1.97,347.96,5.11
2026-08-24 14:33:01+00:00,4.79,1.74,347.96,5.11
2026-08-24 14:34:00+00:00,4.56,2.1,353.5,2.68
2026-08-24 14:34:01+00:00,4.77,1.75,353.5,2.68
2026-08-24 14:35:00+00:00,4.56,1.97,354.5,2.61
2026-08-24 14:35:01+00:00,4.82,1.48,354.5,2.61
2026-08-24 14:36:00+00:00,4.57,2.09,363.36,2.5
2026-08-24 14:36:01+00:00,4.75,1.3,363.36,2.5
2026-08-24 14:37:00+00:00,4.96,4.5,350.4,2.33
2026-08-24 14:37:01+00:00,4.75,1.46,350.4,2.33
2026-08-24 14:38:00+00:00,4.74,2.44,363.44,2.1
2026-08-24 14:38:01+00:00,4.82,1.39,363.44,2.1
2026-08-24 14:39:00+00:00,4.69,2.04,364.13,2.68
2026-08-24 14:39:01+00:00,4.9,1.87,364.13,2.68
2026-08-24 14:40:00+00:00,4.77,2.7,364.29,2.38
2026-08-24 14:40:01+00:00,4.94,1.81,364.29,2.38
2026-08-24 14:41:00+00:00,4.75,1.87,366.99,2.21
2026-08-24 14:41:01+00:00,4.92,1.88,366.99,2.21
2026-08-24 14:42:00+00:00,4.79,1.74,348.3,2.55
2026-08-24 14:42:01+00:00,4.92,1.81,348.3,2.55
2026-08-24 14:43:00+00:00,4.79,1.85,364.53,2.53
2026-08-24 14:43:01+00:00,4.95,1.78,364.53,2.53
2026-08-24 14:44:00+00:00,4.84,2.13,352.0,2.57
2026-08-24 14:44:01+00:00,4.93,1.77,352.0,2.57
2026-08-24 14:45:00+00:00,4.81,4.57,358.3,2.03
2026-08-24 14:45:01+00:00,4.91,1.69,358.3,2.03
2026-08-24 14:46:00+00:00,4.83,1.15,357.25,1.88
2026-08-24 14:46:01+00:00,4.9,1.5,357.25,1.88
2026-08-24 14:47:00+00:00,4.76,1.71,351.3,2.65
2026-08-24 14:47:01+00:00,4.92,1.31,351.3,2.65
2026-08-24 14:48:00+00:00,4.85,1.55,352.25,1.9
2026-08-24 14:48:01+00:00,4.89,1.29,352.25,1.9
2026-08-24 14:49:00+00:00,4.85,2.05,349.5,2.79
2026-08-24 14:49:01+00:00,4.89,1.21,349.5,2.79
2026-08-24 14:50:00+00:00,4.86,1.23,362.96,5.06
2026-08-24 14:50:01+00:00,4.87,1.17,362.96,5.06
2026-08-24 14:51:00+00:00,4.55,4.41,346.04,1.45
2026-08-24 14:51:01+00:00,4.89,0.97,346.04,1.45
2026-08-24 14:52:00+00:00,4.52,4.33,342.41,1.43
2026-08-24 14:52:01+00:00,4.89,0.91,342.41,1.43
2026-08-24 14:53:00+00:00,4.86,1.27,342.38,1.08
2026-08-24 14:53:01+00:00,4.92,1.4,342.38,1.08
2026-08-24 14:54:00+00:00,4.84,1.63,342.88,1.38
2026-08-24 14:54:49+00:00,4.98,1.48,337.98,1.67
2026-08-24 14:55:00+00:00,4.39,3.87,347.7,2.45
2026-08-24 14:55:01+00:00,4.97,1.54,347.7,2.45
2026-08-24 14:56:00+00:00,4.44,3.95,340.34,1.01
2026-08-24 14:56:01+00:00,4.79,1.29,340.34,1.01
2026-08-24 14:57:00+00:00,4.51,4.29,342.71,0.98
2026-08-24 14:57:01+00:00,4.86,1.2,342.71,0.98
2026-08-24 14:58:00+00:00,4.84,1.62,343.8,0.64
2026-08-24 14:58:01+00:00,4.82,1.34,343.8,0.64
2026-08-24 14:59:00+00:00,4.88,1.6,345.8,2.64
2026-08-24 14:59:01+00:00,4.79,1.32,345.8,2.64
2026-08-24 15:00:00+00:00,4.45,3.76,326.84,1.2
2026-08-24 15:00:01+00:00,4.89,1.46,326.84,1.2
2026-08-24 15:01:00+00:00,4.91,1.46,346.7,2.77
2026-08-24 15:01:01+00:00,4.85,1.33,346.7,2.77
2026-08-24 15:02:00+00:00,4.88,1.29,346.2,2.73
2026-08-24 15:02:01+00:00,4.87,1.3,346.2,2.73
2026-08-24 15:03:00+00:00,4.84,1.52,345.8,2.73
2026-08-24 15:03:01+00:00,4.82,1.32,345.8,2.73
2026-08-24 15:04:00+00:00,4.84,1.51,349.7,2.78
2026-08-24 15:04:01+00:00,4.83,1.34,349.7,2.78
2026-08-24 15:05:00+00:00,4.35,3.49,331.46,1.14
2026-08-24 15:05:01+00:00,4.8,1.19,331.46,1.14
2026-08-24 15:06:00+00:00,4.39,3.5,346.7,2.98
2026-08-24 15:06:01+00:00,4.81,1.22,346.7,2.98
2026-08-24 15:07:00+00:00,4.71,0.89,336.54,0.85
2026-08-24 15:07:01+00:00,4.82,0.91,336.54,0.85
2026-08-24 15:08:00+00:00,4.85,1.29,346.6,2.85
2026-08-24 15:08:01+00:00,4.78,1.12,346.6,2.85
2026-08-24 15:09:00+00:00,4.78,0.84,345.0,2.81
2026-08-24 15:09:01+00:00,4.78,1.15,345.0,2.81
2026-08-24 15:10:00+00:00,4.48,3.84,331.64,0.86
2026-08-24 15:10:01+00:00,4.77,1.25,331.64,0.86
2026-08-24 15:11:00+00:00,4.89,0.91,344.8,2.84
2026-08-24 15:11:01+00:00,4.77,0.99,344.8,2.84
2026-08-24 15:12:00+00:00,4.87,0.87,344.3,2.95
2026-08-24 15:12:01+00:00,4.74,0.92,344.3,2.95
2026-08-24 15:13:00+00:00,4.92,0.81,330.51,1.4
2026-08-24 15:13:01+00:00,4.73,0.85,330.51,1.4
2026-08-24 15:14:00+00:00,4.84,0.89,330.87,1.08
2026-08-24 15:14:01+00:00,4.71,0.8,330.87,1.08
2026-08-24 15:15:00+00:00,4.88,0.88,342.6,2.9
2026-08-24 15:15:01+00:00,4.69,1.24,342.6,2.9
2026-08-24 15:16:00+00:00,4.88,0.66,343.3,2.82
2026-08-24 15:16:01+00:00,4.64,1.38,343.3,2.82
2026-08-24 15:17:00+00:00,4.78,1.24,344.5,2.83
2026-08-24 15:17:01+00:00,4.63,0.99,344.5,2.83
2026-08-24 15:18:00+00:00,4.81,0.97,344.1,2.81
2026-08-24 15:18:01+00:00,4.64,1.45,344.1,2.81
2026-08-24 15:19:00+00:00,4.54,3.66,343.3,2.77
2026-08-24 15:19:01+00:00,4.64,1.37,343.3,2.77
2026-08-24 15:20:00+00:00,4.88,0.71,336.2,1.15
2026-08-24 15:20:01+00:00,4.58,1.56,336.2,1.15
2026-08-24 15:21:00+00:00,4.9,0.6,332.2,1.39
2026-08-24 15:21:01+00:00,4.55,1.21,332.2,1.39
2026-08-24 15:22:00+00:00,4.97,0.54,330.99,1.68
2026-08-24 15:22:01+00:00,4.59,1.17,330.99,1.68
2026-08-24 15:23:00+00:00,5.0,0.5,330.16,1.81
2026-08-24 15:23:01+00:00,4.61,1.39,330.16,1.81
2026-08-24 15:24:00+00:00,4.28,2.9,337.0,2.61
2026-08-24 15:24:01+00:00,4.59,1.19,337.0,2.61
2026-08-24 15:25:00+00:00,5.1,0.67,335.3,2.54
2026-08-24 15:25:01+00:00,4.58,1.19,335.3,2.54
2026-08-24 15:26:00+00:00,5.05,0.91,336.5,2.61
2026-08-24 15:26:01+00:00,4.58,1.19,336.5,2.61
2026-08-24 15:27:00+00:00,4.99,0.42,340.04,1.75
2026-08-24 15:27:01+00:00,4.57,1.01,340.04,1.75
2026-08-24 15:28:00+00:00,4.95,1.15,338.4,2.65
2026-08-24 15:28:01+00:00,4.6,1.69,338.4,2.65
2026-08-24 15:29:00+00:00,4.93,1.4,335.8,2.7
2026-08-24 15:29:01+00:00,4.64,1.23,335.8,2.7
2026-08-24 15:30:00+00:00,4.8,2.05,343.6,2.78
2026-08-24 15:30:01+00:00,4.64,1.92,343.6,2.78
2026-08-24 15:31:00+00:00,4.64,2.92,343.8,2.93
2026-08-24 15:31:01+00:00,4.68,1.58,343.8,2.93
2026-08-24 15:32:00+00:00,5.03,1.29,347.14,2.33
2026-08-24 15:32:01+00:00,4.69,0.95,347.14,2.33
2026-08-24 15:33:00+00:00,5.0,1.35,359.04,2.54
2026-08-24 15:33:01+00:00,4.7,0.93,359.04,2.54
2026-08-24 15:34:00+00:00,4.77,4.53,334.4,2.66
2026-08-24 15:34:01+00:00,4.71,1.47,334.4,2.66
2026-08-24 15:35:00+00:00,5.15,1.1,334.1,2.66
2026-08-24 15:35:01+00:00,4.7,1.63,334.1,2.66
2026-08-24 15:36:00+00:00,5.22,0.97,334.3,2.46
2026-08-24 15:36:01+00:00,4.71,1.61,334.3,2.46
2026-08-24 15:37:00+00:00,4.4,4.23,333.4,2.45
2026-08-24 15:37:01+00:00,4.73,1.6,333.4,2.45
2026-08-24 15:38:00+00:00,5.17,0.92,337.66,1.59
2026-08-24 15:38:01+00:00,4.74,0.82,337.66,1.59
2026-08-24 15:39:00+00:00,4.33,3.51,336.4,2.5
2026-08-24 15:39:01+00:00,4.78,0.47,336.4,2.5
2026-08-24 15:40:00+00:00,5.11,0.45,338.4,2.55
2026-08-24 15:40:01+00:00,4.72,-0.59,338.4,2.55
2026-08-24 15:41:00+00:00,5.06,0.66,340.8,2.69
2026-08-24 15:41:01+00:00,4.86,0.09,340.8,2.69
2026-08-24 15:42:00+00:00,4.72,1.2,343.0,2.57
2026-08-24 15:42:01+00:00,4.84,0.84,343.0,2.57
2026-08-24 15:43:00+00:00,5.07,0.96,356.94,3.44
2026-08-24 15:43:01+00:00,4.85,1.28,356.94,3.44
2026-08-24 15:44:00+00:00,5.09,1.52,339.7,2.54
2026-08-24 15:44:01+00:00,4.81,1.52,339.7,2.54
2026-08-24 15:45:00+00:00,5.09,1.76,334.8,2.64
2026-08-24 15:45:01+00:00,4.84,1.97,334.8,2.64
2026-08-24 15:46:00+00:00,5.02,2.24,336.3,2.62
2026-08-24 15:46:01+00:00,4.78,2.42,336.3,2.62
2026-08-24 15:47:00+00:00,4.98,2.55,356.45,2.2
2026-08-24 15:47:01+00:00,4.76,2.25,356.45,2.2
2026-08-24 15:48:00+00:00,5.0,2.36,355.44,1.87
2026-08-24 15:48:01+00:00,4.73,2.29,355.44,1.87
2026-08-24 15:49:00+00:00,4.77,2.25,354.43,1.58
2026-08-24 15:49:01+00:00,4.69,2.2,354.43,1.58
2026-08-24 15:50:00+00:00,5.03,2.45,352.76,2.34
2026-08-24 15:50:01+00:00,4.71,2.48,352.76,2.34
2026-08-24 15:51:00+00:00,5.09,2.59,354.56,2.67
2026-08-24 15:51:01+00:00,4.77,2.86,354.56,2.67
2026-08-24 15:52:00+00:00,5.15,3.01,352.98,2.27
2026-08-24 15:52:01+00:00,4.78,2.81,352.98,2.27
2026-08-24 15:53:00+00:00,4.6,1.72,329.2,2.23
2026-08-24 15:53:01+00:00,4.73,3.29,329.2,2.23
2026-08-24 15:54:00+00:00,5.21,2.17,329.0,2.4
2026-08-24 15:54:01+00:00,4.83,2.57,329.0,2.4
2026-08-24 15:55:00+00:00,5.22,1.85,335.5,2.44
2026-08-24 15:55:01+00:00,4.86,2.48,335.5,2.44
2026-08-24 15:56:00+00:00,4.64,2.4,347.21,1.88
2026-08-24 15:56:01+00:00,4.94,1.86,347.21,1.88
2026-08-24 15:57:00+00:00,5.26,2.03,335.2,2.22
2026-08-24 15:57:01+00:00,5.03,1.54,335.2,2.22
2026-08-24 15:58:00+00:00,5.2,2.04,331.6,2.37
2026-08-24 15:58:01+00:00,5.08,1.65,331.6,2.37
2026-08-24 15:59:00+00:00,5.25,1.6,337.7,2.56
2026-08-24 15:59:01+00:00,4.98,2.03,337.7,2.56
2026-08-24 16:00:00+00:00,5.31,1.22,339.7,2.39
2026-08-24 16:00:01+00:00,5.02,1.7,339.7,2.39
2026-08-24 16:01:00+00:00,5.38,1.76,340.7,2.17
2026-08-24 16:01:01+00:00,5.03,1.69,340.7,2.17
2026-08-24 16:02:00+00:00,5.27,1.85,340.6,2.25
2026-08-24 16:02:01+00:00,5.02,1.79,340.6,2.25
2026-08-24 16:03:00+00:00,5.32,1.63,345.7,2.33
2026-08-24 16:03:01+00:00,5.0,1.91,345.7,2.33
2026-08-24 16:04:00+00:00,5.05,2.89,349.11,1.25
2026-08-24 16:04:01+00:00,5.03,1.98,349.11,1.25
2026-08-24 16:05:00+00:00,5.33,2.05,350.73,1.8
2026-08-24 16:05:01+00:00,5.11,2.58,350.73,1.8
2026-08-24 16:06:00+00:00,5.0,1.68,328.4,1.67
2026-08-24 16:06:01+00:00,5.09,1.36,328.4,1.67
2026-08-24 16:07:00+00:00,5.42,1.56,352.32,1.93
2026-08-24 16:07:01+00:00,5.15,-0.06,352.32,1.93
2026-08-24 16:08:00+00:00,5.36,0.42,338.9,2.21
2026-08-24 16:08:01+00:00,4.95,0.67,338.9,2.21
2026-08-24 16:09:00+00:00,5.3,1.32,335.0,2.23
2026-08-24 16:09:01+00:00,5.04,0.91,335.0,2.23
2026-08-24 16:10:00+00:00,5.0,1.67,337.0,2.3
2026-08-24 16:10:01+00:00,4.99,0.41,337.0,2.3
2026-08-24 16:11:00+00:00,4.99,0.27,358.07,2.59
2026-08-24 16:11:01+00:00,4.97,-0.39,358.07,2.59
2026-08-24 16:12:00+00:00,4.98,0.05,341.5,2.26
2026-08-24 16:12:01+00:00,4.95,-0.47,341.5,2.26
2026-08-24 16:13:00+00:00,5.31,-0.46,341.9,2.01
2026-08-24 16:13:01+00:00,5.09,-0.58,341.9,2.01
2026-08-24 16:14:00+00:00,5.13,0.43,342.9,2.05
2026-08-24 16:14:01+00:00,5.09,-0.24,342.9,2.05
2026-08-24 16:15:00+00:00,5.44,-0.22,356.35,3.0
2026-08-24 16:15:01+00:00,5.05,-0.3,356.35,3.0
2026-08-24 16:16:00+00:00,4.99,1.27,355.72,1.93
2026-08-24 16:16:01+00:00,4.98,0.35,355.72,1.93
2026-08-24 16:17:00+00:00,5.3,0.56,341.0,2.23
2026-08-24 16:17:01+00:00,5.05,1.49,341.0,2.23
2026-08-24 16:18:00+00:00,5.28,1.48,338.1,2.2
2026-08-24 16:18:01+00:00,5.04,1.99,338.1,2.2
2026-08-24 16:19:00+00:00,5.08,2.02,355.45,2.15
2026-08-24 16:19:01+00:00,5.04,1.15,355.45,2.15
2026-08-24 16:20:00+00:00,5.07,1.55,356.12,2.33
2026-08-24 16:20:01+00:00,4.99,0.81,356.12,2.33
2026-08-24 16:21:00+00:00,5.31,1.22,337.9,2.36
2026-08-24 16:21:01+00:00,5.0,0.76,337.9,2.36
2026-08-24 16:22:00+00:00,5.3,0.82,354.97,2.38
2026-08-24 16:22:01+00:00,5.06,0.56,354.97,2.38
2026-08-24 16:23:00+00:00,4.97,1.96,339.9,2.18
2026-08-24 16:23:01+00:00,5.06,0.54,339.9,2.18
2026-08-24 16:24:00+00:00,4.95,1.94,352.96,2.03
2026-08-24 16:24:01+00:00,5.08,0.49,352.96,2.03
2026-08-24 16:25:00+00:00,4.94,1.87,338.6,2.46
2026-08-24 16:25:01+00:00,5.12,0.57,338.6,2.46
2026-08-24 16:26:00+00:00,5.44,0.46,353.89,2.37
2026-08-24 16:26:01+00:00,5.11,0.69,353.89,2.37
2026-08-24 16:27:00+00:00,5.38,0.64,353.58,2.48
2026-08-24 16:27:01+00:00,5.1,0.87,353.58,2.48
2026-08-24 16:28:00+00:00,5.26,0.94,353.83,2.49
2026-08-24 16:28:01+00:00,5.08,0.96,353.83,2.49
2026-08-24 16:29:00+00:00,5.28,0.82,342.7,2.12
2026-08-24 16:29:01+00:00,5.07,0.98,342.7,2.12
2026-08-24 16:30:00+00:00,5.26,0.74,339.4,2.33
2026-08-24 16:30:01+00:00,5.01,1.07,339.4,2.33
2026-08-24 16:31:00+00:00,5.14,0.3,340.2,2.61
2026-08-24 16:31:01+00:00,4.95,1.2,340.2,2.61
2026-08-24 16:32:00+00:00,5.28,0.54,338.1,0.97
2026-08-24 16:32:01+00:00,4.96,2.75,338.1,0.97
2026-08-24 16:33:00+00:00,5.24,1.8,338.81,0.88
2026-08-24 16:33:01+00:00,4.98,2.78,338.81,0.88
2026-08-24 16:34:00+00:00,5.34,2.39,332.7,2.04
2026-08-24 16:34:01+00:00,4.95,2.52,332.7,2.04
2026-08-24 16:35:00+00:00,4.82,2.59,332.8,2.26
2026-08-24 16:35:01+00:00,4.97,2.59,332.8,2.26
2026-08-24 16:36:00+00:00,5.27,2.46,332.4,2.15
2026-08-24 16:36:01+00:00,4.99,2.46,332.4,2.15
2026-08-24 16:37:00+00:00,5.24,2.4,338.07,1.35
2026-08-24 16:37:01+00:00,5.02,2.08,338.07,1.35
2026-08-24 16:38:00+00:00,5.23,2.28,331.7,2.32
2026-08-24 16:38:01+00:00,4.99,2.27,331.7,2.32
2026-08-24 16:39:00+00:00,5.31,2.47,332.0,2.31
2026-08-24 16:39:01+00:00,4.99,2.25,332.0,2.31
2026-08-24 16:40:00+00:00,4.48,2.83,339.54,1.32
2026-08-24 16:40:01+00:00,4.97,2.31,339.54,1.32
2026-08-24 16:41:00+00:00,5.17,2.28,330.5,2.37
2026-08-24 16:41:01+00:00,4.99,2.39,330.5,2.37
2026-08-24 16:42:00+00:00,5.15,2.39,340.26,1.16
2026-08-24 16:42:01+00:00,5.01,2.39,340.26,1.16
2026-08-24 16:43:00+00:00,5.28,2.45,332.7,2.19
2026-08-24 16:43:01+00:00,4.99,2.4,332.7,2.19
2026-08-24 16:44:00+00:00,5.2,2.43,334.3,2.27
2026-08-24 16:44:01+00:00,4.96,2.35,334.3,2.27
2026-08-24 16:45:00+00:00,4.82,0.23,333.4,2.35
2026-08-24 16:45:01+00:00,4.96,2.4,333.4,2.35
2026-08-24 16:46:00+00:00,4.84,0.93,366.15,3.39
2026-08-24 16:46:01+00:00,4.94,2.28,366.15,3.39
2026-08-24 16:47:00+00:00,4.84,0.64,368.07,3.02
2026-08-24 16:47:01+00:00,4.85,2.33,368.07,3.02
2026-08-24 16:48:00+00:00,4.85,0.62,366.99,2.96
2026-08-24 16:48:01+00:00,4.72,2.48,366.99,2.96
2026-08-24 16:49:00+00:00,4.87,0.5,331.6,2.01
2026-08-24 16:49:01+00:00,4.73,2.28,331.6,2.01
2026-08-24 16:50:00+00:00,4.84,0.56,330.1,2.25
2026-08-24 16:50:01+00:00,4.7,2.24,330.1,2.25
2026-08-24 16:51:00+00:00,5.12,2.75,365.56,3.23
2026-08-24 16:51:01+00:00,4.55,1.16,365.56,3.23
2026-08-24 16:52:00+00:00,4.92,0.51,365.29,3.21
2026-08-24 16:52:01+00:00,4.59,-0.69,365.29,3.21
2026-08-24 16:53:00+00:00,5.09,2.63,331.0,2.22
2026-08-24 16:53:01+00:00,4.6,0.31,331.0,2.22
2026-08-24 16:54:00+00:00,4.74,1.76,334.0,3.01
2026-08-24 16:54:01+00:00,4.73,0.57,334.0,3.01
2026-08-24 16:55:00+00:00,4.96,0.11,366.41,2.77
2026-08-24 16:55:01+00:00,4.71,0.29,366.41,2.77
2026-08-24 16:56:00+00:00,4.85,1.56,367.0,3.17
2026-08-24 16:56:01+00:00,4.76,0.21,367.0,3.17
2026-08-24 16:57:00+00:00,4.61,1.13,348.1,2.88
2026-08-24 16:57:01+00:00,4.75,-0.11,348.1,2.88
2026-08-24 16:58:00+00:00,4.38,0.56,358.6,2.54
2026-08-24 16:58:01+00:00,4.79,-0.37,358.6,2.54
2026-08-24 16:59:00+00:00,4.84,-0.11,363.95,2.86
2026-08-24 16:59:01+00:00,4.76,-0.05,363.95,2.86
2026-08-24 17:00:00+00:00,4.56,-1.47,363.9,2.47
2026-08-24 17:00:01+00:00,4.78,-0.21,363.9,2.47
2026-08-24 17:01:00+00:00,4.85,0.48,353.6,2.47
2026-08-24 17:01:01+00:00,4.8,-0.72,353.6,2.47
2026-08-24 17:02:00+00:00,4.75,-0.96,363.47,2.94
2026-08-24 17:02:01+00:00,4.79,-0.9,363.47,2.94
2026-08-24 17:03:00+00:00,4.86,-1.09,358.76,2.66
2026-08-24 17:03:01+00:00,4.77,-0.74,358.76,2.66
2026-08-24 17:04:00+00:00,4.87,1.52,363.8,3.05
2026-08-24 17:04:01+00:00,4.8,-0.89,363.8,3.05
2026-08-24 17:05:00+00:00,4.88,-0.53,343.9,2.65
2026-08-24 17:05:01+00:00,4.77,-0.83,343.9,2.65
2026-08-24 17:06:00+00:00,4.86,-0.76,345.3,2.7
2026-08-24 17:06:01+00:00,4.75,-0.78,345.3,2.7
2026-08-24 17:07:00+00:00,4.82,-0.98,346.9,2.47
2026-08-24 17:07:01+00:00,4.72,-0.77,346.9,2.47
2026-08-24 17:08:00+00:00,5.23,1.82,342.6,2.48
2026-08-24 17:08:01+00:00,4.7,-0.65,342.6,2.48
2026-08-24 17:09:00+00:00,4.86,-0.62,343.9,2.6
2026-08-24 17:09:01+00:00,4.67,-0.46,343.9,2.6
2026-08-24 17:10:00+00:00,5.34,2.03,362.56,2.64
2026-08-24 17:10:01+00:00,4.65,-0.32,362.56,2.64
2026-08-24 17:11:00+00:00,5.27,2.04,360.66,2.48
2026-08-24 17:11:01+00:00,4.61,0.11,360.66,2.48
2026-08-24 17:12:00+00:00,5.34,1.91,342.6,2.67
2026-08-24 17:12:01+00:00,4.72,0.3,342.6,2.67
2026-08-24 17:13:00+00:00,4.8,-0.4,341.5,2.73
2026-08-24 17:13:01+00:00,4.81,0.19,341.5,2.73
2026-08-24 17:14:00+00:00,4.79,-0.29,340.3,2.85
2026-08-24 17:14:01+00:00,5.09,1.12,340.3,2.85
2026-08-24 17:15:00+00:00,4.78,0.67,336.5,2.9
2026-08-24 17:15:01+00:00,5.1,1.64,336.5,2.9
2026-08-24 17:16:00+00:00,4.77,1.0,363.86,3.12
2026-08-24 17:16:01+00:00,5.08,1.28,363.86,3.12
2026-08-24 17:17:00+00:00,4.72,0.06,346.1,2.97
2026-08-24 17:17:01+00:00,5.13,1.44,346.1,2.97
2026-08-24 17:18:00+00:00,4.92,0.17,348.1,2.3
2026-08-24 17:18:01+00:00,5.15,1.13,348.1,2.3
2026-08-24 17:19:00+00:00,5.21,1.32,340.4,2.28
2026-08-24 17:19:01+00:00,5.18,1.13,340.4,2.28
2026-08-24 17:20:00+00:00,5.22,1.3,364.83,3.11
2026-08-24 17:20:01+00:00,5.2,1.07,364.83,3.11
2026-08-24 17:21:00+00:00,5.37,0.89,345.7,2.14
2026-08-24 17:21:01+00:00,5.22,0.79,345.7,2.14
2026-08-24 17:22:00+00:00,5.44,0.84,366.01,3.21
2026-08-24 17:22:01+00:00,5.23,0.99,366.01,3.21
2026-08-24 17:23:00+00:00,5.45,0.85,360.38,2.25
2026-08-24 17:23:01+00:00,5.15,0.14,360.38,2.25
2026-08-24 17:24:00+00:00,5.33,0.36,346.6,2.2
2026-08-24 17:24:01+00:00,4.93,-0.02,346.6,2.2
2026-08-24 17:25:00+00:00,5.06,0.38,351.1,3.03
2026-08-24 17:25:01+00:00,5.07,-0.26,351.1,3.03
2026-08-24 17:26:00+00:00,4.77,-1.77,351.9,2.87
2026-08-24 17:26:01+00:00,5.08,-0.45,351.9,2.87
2026-08-24 17:27:00+00:00,4.9,-0.14,369.68,3.51
2026-08-24 17:27:01+00:00,4.77,-0.67,369.68,3.51
2026-08-24 17:28:00+00:00,4.68,-1.1,349.3,3.12
2026-08-24 17:28:01+00:00,4.58,-0.61,349.3,3.12
2026-08-24 17:29:00+00:00,4.83,-0.93,348.6,2.8
2026-08-24 17:29:01+00:00,4.6,-1.68,348.6,2.8
2026-08-24 17:30:00+00:00,4.94,-1.37,348.1,2.83
2026-08-24 17:30:01+00:00,4.61,-2.48,348.1,2.83
2026-08-24 17:31:00+00:00,4.91,-0.96,360.43,1.4
2026-08-24 17:31:01+00:00,4.65,-2.25,360.43,1.4
2026-08-24 17:32:00+00:00,4.96,-1.74,365.66,2.41
2026-08-24 17:32:01+00:00,4.81,-0.08,365.66,2.41
2026-08-24 17:33:00+00:00,5.04,-0.33,351.9,2.75
2026-08-24 17:33:01+00:00,4.93,-0.19,351.9,2.75
2026-08-24 17:34:00+00:00,5.09,-0.2,351.0,2.59
2026-08-24 17:34:01+00:00,4.93,-0.74,351.0,2.59
2026-08-24 17:35:00+00:00,5.18,-0.36,350.5,2.57
2026-08-24 17:35:01+00:00,4.81,-1.0,350.5,2.57
2026-08-24 17:36:00+00:00,5.16,-0.66,367.16,3.61
2026-08-24 17:36:01+00:00,4.78,-1.43,367.16,3.61
2026-08-24 17:37:00+00:00,5.05,0.07,351.1,2.49
2026-08-24 17:37:01+00:00,4.93,-1.43,351.1,2.49
2026-08-24 17:38:00+00:00,5.32,-1.5,349.5,1.85
2026-08-24 17:38:01+00:00,5.11,-1.24,349.5,1.85
2026-08-24 17:39:00+00:00,5.23,0.9,366.75,3.08
2026-08-24 17:39:01+00:00,5.07,-0.62,366.75,3.08
2026-08-24 17:40:00+00:00,5.48,-1.21,365.53,2.68
2026-08-24 17:40:01+00:00,5.29,-0.44,365.53,2.68
2026-08-24 17:41:00+00:00,5.48,-0.83,351.2,1.93
2026-08-24 17:41:01+00:00,5.3,0.46,351.2,1.93
2026-08-24 17:42:00+00:00,5.58,0.58,361.81,2.16
2026-08-24 17:42:01+00:00,5.28,0.97,361.81,2.16
2026-08-24 17:43:00+00:00,5.16,1.28,345.3,1.97
2026-08-24 17:43:01+00:00,5.33,1.15,345.3,1.97
2026-08-24 17:44:00+00:00,5.66,0.86,341.1,1.85
2026-08-24 17:44:01+00:00,5.26,1.22,341.1,1.85
2026-08-24 17:45:00+00:00,5.44,2.69,344.8,1.94
2026-08-24 17:45:01+00:00,5.28,1.35,344.8,1.94
2026-08-24 17:46:00+00:00,5.73,1.22,353.31,0.79
2026-08-24 17:46:01+00:00,5.35,1.62,353.31,0.79
2026-08-24 17:47:00+00:00,5.36,2.0,355.75,1.21
2026-08-24 17:47:01+00:00,5.4,1.75,355.75,1.21
2026-08-24 17:48:00+00:00,5.43,2.17,343.1,1.73
2026-08-24 17:48:01+00:00,5.43,1.33,343.1,1.73
2026-08-24 17:49:00+00:00,5.76,1.67,344.3,1.79
2026-08-24 17:49:01+00:00,5.5,1.63,344.3,1.79
2026-08-24 17:50:00+00:00,5.69,2.61,344.0,2.2
2026-08-24 17:50:01+00:00,5.65,1.21,344.0,2.2
2026-08-24 17:51:00+00:00,6.01,1.11,341.6,1.87
2026-08-24 17:51:01+00:00,5.87,1.71,341.6,1.87
2026-08-24 17:52:00+00:00,5.86,2.25,346.2,1.77
2026-08-24 17:52:01+00:00,5.92,1.86,346.2,1.77
2026-08-24 17:53:00+00:00,5.93,2.01,362.43,2.19
2026-08-24 17:53:01+00:00,5.99,1.85,362.43,2.19
2026-08-24 17:54:00+00:00,6.26,1.49,362.82,2.32
2026-08-24 17:54:01+00:00,6.02,1.66,362.82,2.32
2026-08-24 17:55:00+00:00,5.91,1.31,365.57,2.74
2026-08-24 17:55:01+00:00,6.01,1.63,365.57,2.74
2026-08-24 17:56:00+00:00,6.01,1.35,363.76,2.68
2026-08-24 17:56:01+00:00,6.05,1.42,363.76,2.68
2026-08-24 17:57:00+00:00,6.44,1.29,349.1,1.99
2026-08-24 17:57:01+00:00,6.17,1.15,349.1,1.99
2026-08-24 17:58:00+00:00,6.53,1.14,349.8,1.83
2026-08-24 17:58:01+00:00,6.12,1.15,349.8,1.83
2026-08-24 17:59:00+00:00,6.59,1.08,346.3,1.87
2026-08-24 17:59:01+00:00,6.08,1.13,346.3,1.87
2026-08-24 18:00:00+00:00,6.44,1.43,365.05,2.63
2026-08-24 18:00:01+00:00,6.06,0.94,365.05,2.63
2026-08-24 18:01:00+00:00,6.39,1.28,360.35,1.93
2026-08-24 18:01:01+00:00,6.08,1.07,360.35,1.93
2026-08-24 18:02:00+00:00,6.38,1.31,357.73,1.75
2026-08-24 18:02:01+00:00,6.1,0.88,357.73,1.75
2026-08-24 18:03:00+00:00,6.44,1.59,347.9,1.77
2026-08-24 18:03:01+00:00,6.11,1.18,347.9,1.77
2026-08-24 18:04:00+00:00,6.37,1.87,349.1,1.78
2026-08-24 18:04:01+00:00,6.04,1.56,349.1,1.78
2026-08-24 18:05:00+00:00,6.22,2.61,351.3,2.01
2026-08-24 18:05:01+00:00,6.07,1.64,351.3,2.01
2026-08-24 18:06:00+00:00,6.22,1.78,349.0,2.32
2026-08-24 18:06:01+00:00,6.14,2.47,349.0,2.32
2026-08-24 18:07:00+00:00,6.27,1.39,365.8,2.8
2026-08-24 18:07:01+00:00,6.15,1.87,365.8,2.8
2026-08-24 18:08:00+00:00,5.88,1.05,362.36,2.79
2026-08-24 18:08:01+00:00,6.11,1.05,362.36,2.79
2026-08-24 18:09:00+00:00,6.31,1.06,352.0,2.13
2026-08-24 18:09:01+00:00,6.1,0.45,352.0,2.13
2026-08-24 18:10:00+00:00,6.34,1.22,350.5,2.06
2026-08-24 18:10:01+00:00,5.95,0.51,350.5,2.06
2026-08-24 18:11:00+00:00,6.16,0.77,361.18,3.42
2026-08-24 18:11:01+00:00,5.95,0.29,361.18,3.42
2026-08-24 18:12:00+00:00,6.17,0.75,362.35,2.99
2026-08-24 18:12:01+00:00,5.93,0.39,362.35,2.99
2026-08-24 18:13:00+00:00,5.91,1.05,358.63,2.61
2026-08-24 18:13:01+00:00,5.94,0.44,358.63,2.61
2026-08-24 18:14:00+00:00,5.93,1.65,374.06,1.46
2026-08-24 18:14:01+00:00,5.9,0.4,374.06,1.46
2026-08-24 18:15:00+00:00,6.37,0.24,359.2,2.01
2026-08-24 18:15:01+00:00,5.83,0.16,359.2,2.01
2026-08-24 18:16:00+00:00,6.39,0.02,356.6,1.73
2026-08-24 18:16:01+00:00,5.95,0.41,356.6,1.73
2026-08-24 18:17:00+00:00,5.95,1.06,358.0,2.57
2026-08-24 18:17:01+00:00,5.89,0.17,358.0,2.57
2026-08-24 18:18:00+00:00,5.88,0.52,351.9,2.39
2026-08-24 18:18:01+00:00,5.9,-0.07,351.9,2.39
2026-08-24 18:19:00+00:00,6.25,0.06,361.2,3.1
2026-08-24 18:19:01+00:00,5.95,-0.03,361.2,3.1
2026-08-24 18:20:00+00:00,6.37,-0.33,358.85,2.68
2026-08-24 18:20:01+00:00,5.95,-0.03,358.85,2.68
2026-08-24 18:21:00+00:00,6.08,0.63,355.3,2.2
2026-08-24 18:21:01+00:00,5.94,-0.09,355.3,2.2
2026-08-24 18:22:00+00:00,6.1,0.73,353.7,2.42
2026-08-24 18:22:01+00:00,5.95,-0.28,353.7,2.42
2026-08-24 18:23:00+00:00,6.45,-0.8,351.0,2.12
2026-08-24 18:23:01+00:00,6.01,-0.13,351.0,2.12
2026-08-24 18:24:00+00:00,6.42,0.06,352.0,2.24
2026-08-24 18:24:01+00:00,6.15,-0.76,352.0,2.24
2026-08-24 18:25:00+00:00,6.31,0.37,359.84,3.18
2026-08-24 18:25:01+00:00,6.17,-1.17,359.84,3.18
2026-08-24 18:26:00+00:00,5.85,0.46,359.47,3.32
2026-08-24 18:26:01+00:00,6.15,0.28,359.47,3.32
2026-08-24 18:27:00+00:00,6.43,-0.66,353.3,1.4
2026-08-24 18:27:01+00:00,6.11,0.42,353.3,1.4
2026-08-24 18:28:00+00:00,6.61,-0.44,353.4,1.23
2026-08-24 18:28:01+00:00,5.97,-0.59,353.4,1.23
2026-08-24 18:29:00+00:00,5.89,0.17,354.2,1.32
2026-08-24 18:29:01+00:00,5.92,-0.15,354.2,1.32
2026-08-24 18:30:00+00:00,5.98,-0.13,352.8,1.62
2026-08-24 18:30:01+00:00,5.95,-0.05,352.8,1.62
2026-08-24 18:31:00+00:00,6.37,0.37,355.6,1.8
2026-08-24 18:31:01+00:00,6.0,0.06,355.6,1.8
2026-08-24 18:32:00+00:00,6.4,0.53,354.9,1.68
2026-08-24 18:32:01+00:00,6.03,0.04,354.9,1.68
2026-08-24 18:33:00+00:00,6.16,0.69,359.47,3.09
2026-08-24 18:33:01+00:00,6.02,0.07,359.47,3.09
2026-08-24 18:34:00+00:00,6.18,0.6,358.79,3.4
2026-08-24 18:34:01+00:00,6.1,0.06,358.79,3.4
2026-08-24 18:35:00+00:00,5.86,0.71,354.7,2.04
2026-08-24 18:35:01+00:00,5.98,-0.21,354.7,2.04
2026-08-24 18:36:00+00:00,5.91,1.02,362.28,3.78
2026-08-24 18:36:01+00:00,5.86,0.67,362.28,3.78
2026-08-24 18:37:00+00:00,6.11,1.5,357.0,2.62
2026-08-24 18:37:01+00:00,5.96,1.84,357.0,2.62
2026-08-24 18:38:00+00:00,6.32,2.83,368.52,3.82
2026-08-24 18:38:01+00:00,6.07,1.93,368.52,3.82
2026-08-24 18:39:00+00:00,6.16,2.77,353.0,2.14
2026-08-24 18:39:01+00:00,6.13,2.53,353.0,2.14
2026-08-24 18:40:00+00:00,5.85,1.41,367.0,4.11
2026-08-24 18:40:01+00:00,6.05,2.67,367.0,4.11
2026-08-24 18:41:00+00:00,6.07,2.96,357.5,2.17
2026-08-24 18:41:01+00:00,6.0,2.59,357.5,2.17
2026-08-24 18:42:00+00:00,5.97,3.32,374.98,2.13
2026-08-24 18:42:01+00:00,6.02,2.67,374.98,2.13
2026-08-24 18:43:00+00:00,5.77,3.56,360.2,2.11
2026-08-24 18:43:01+00:00,6.01,3.06,360.2,2.11
2026-08-24 18:44:00+00:00,5.68,3.68,368.24,0.8
2026-08-24 18:44:01+00:00,6.05,3.25,368.24,0.8
2026-08-24 18:45:00+00:00,5.76,3.5,359.7,2.2
2026-08-24 18:45:01+00:00,6.09,3.31,359.7,2.2
2026-08-24 18:46:00+00:00,6.19,3.81,362.2,2.24
2026-08-24 18:46:01+00:00,6.1,3.31,362.2,2.24
2026-08-24 18:47:00+00:00,6.16,3.87,362.6,2.17
2026-08-24 18:47:01+00:00,6.01,4.03,362.6,2.17
2026-08-24 18:48:00+00:00,5.79,3.14,369.91,1.54
2026-08-24 18:48:01+00:00,6.05,4.02,369.91,1.54
2026-08-24 18:49:00+00:00,5.75,3.43,371.43,1.74
2026-08-24 18:49:01+00:00,5.98,3.77,371.43,1.74
2026-08-24 18:50:00+00:00,5.97,3.53,357.6,2.19
2026-08-24 18:50:01+00:00,6.0,4.06,357.6,2.19
2026-08-24 18:51:00+00:00,6.24,2.84,376.24,2.74
2026-08-24 18:51:01+00:00,5.95,4.27,376.24,2.74
2026-08-24 18:52:00+00:00,5.81,4.16,358.0,2.17
2026-08-24 18:52:01+00:00,5.93,4.36,358.0,2.17
2026-08-24 18:53:00+00:00,6.32,2.73,383.2,2.54
2026-08-24 18:53:01+00:00,6.1,4.16,383.2,2.54
2026-08-24 18:54:00+00:00,6.29,1.85,375.34,2.7
2026-08-24 18:54:01+00:00,6.06,2.68,375.34,2.7
2026-08-24 18:55:00+00:00,6.12,2.57,356.9,2.13
2026-08-24 18:56:00+00:00,6.1,2.56,357.9,2.21
2026-08-24 18:57:00+00:00,6.3,3.26,357.7,2.35
2026-08-24 18:58:00+00:00,6.03,2.59,383.06,4.49
2026-08-24 18:59:00+00:00,6.4,3.34,379.34,4.36
2026-08-24 19:00:00+00:00,5.88,3.59,375.5,3.73
2026-08-24 19:01:00+00:00,5.93,3.48,358.4,2.07
2026-08-24 19:02:00+00:00,6.12,2.94,357.5,2.05
2026-08-24 19:03:00+00:00,6.57,1.75,376.2,3.22
2026-08-24 19:04:00+00:00,6.03,2.6,359.8,2.14
2026-08-24 19:05:00+00:00,6.05,3.1,379.21,3.38
2026-08-24 19:06:00+00:00,6.31,2.78,373.42,3.92
2026-08-24 19:07:00+00:00,6.47,2.4,356.6,2.1
2026-08-24 19:08:00+00:00,6.52,2.51,370.96,3.64
2026-08-24 19:09:00+00:00,6.49,2.67,352.9,2.03
2026-08-24 19:10:00+00:00,5.73,4.48,373.41,3.99
2026-08-24 19:11:00+00:00,5.72,4.24,362.0,2.12
2026-08-24 19:12:00+00:00,5.63,3.46,369.5,2.37
2026-08-24 19:13:00+00:00,5.69,2.83,373.69,3.84
2026-08-24 19:14:00+00:00,5.73,2.83,368.86,2.78
2026-08-24 19:15:00+00:00,6.4,2.15,362.26,3.29
2026-08-24 19:16:00+00:00,6.12,2.25,365.2,2.05
2026-08-24 19:17:00+00:00,7.04,3.24,361.3,1.63
2026-08-24 19:18:00+00:00,7.08,3.29,361.5,1.42
2026-08-24 19:19:00+00:00,6.47,3.06,357.3,1.35
2026-08-24 19:20:00+00:00,6.47,2.61,357.6,1.31
2026-08-24 19:21:00+00:00,6.78,2.71,379.36,5.85
2026-08-24 19:22:00+00:00,6.45,3.06,375.05,4.39
2026-08-24 19:23:00+00:00,6.53,3.02,376.04,4.5
2026-08-24 19:24:00+00:00,6.94,2.72,355.2,1.4
2026-08-24 19:25:00+00:00,6.37,1.88,375.38,4.56
2026-08-24 19:26:00+00:00,6.43,1.74,374.32,2.73
2026-08-24 19:27:00+00:00,6.46,1.52,357.2,2.33
2026-08-24 19:28:00+00:00,6.44,1.02,384.45,5.82
2026-08-24 19:29:00+00:00,6.39,1.13,359.9,2.76
2026-08-24 19:30:00+00:00,6.29,0.62,359.2,3.03
2026-08-24 19:31:00+00:00,6.64,0.88,379.13,4.62
2026-08-24 19:32:00+00:00,6.65,0.46,382.1,5.45
2026-08-24 19:33:00+00:00,6.65,0.75,357.6,2.34
2026-08-24 19:34:00+00:00,6.64,0.8,369.34,3.64
2026-08-24 19:35:00+00:00,6.67,0.38,373.83,4.26
2026-08-24 19:36:00+00:00,6.5,0.87,377.1,4.81
2026-08-24 19:37:00+00:00,6.51,0.59,359.6,2.59
2026-08-24 19:38:00+00:00,6.69,1.14,360.8,2.76
2026-08-24 19:39:00+00:00,6.09,0.68,367.36,3.39
2026-08-24 19:40:00+00:00,6.62,1.61,368.55,4.44
2026-08-24 19:41:00+00:00,6.75,1.59,362.1,2.62
2026-08-24 19:42:00+00:00,6.13,0.16,360.2,2.6
2026-08-24 19:43:00+00:00,6.13,0.07,372.06,4.56
2026-08-24 19:44:00+00:00,6.4,1.28,361.7,2.92
2026-08-24 19:45:00+00:00,6.2,0.53,367.67,5.29
2026-08-24 19:46:00+00:00,6.51,1.1,359.3,2.99
2026-08-24 19:47:00+00:00,6.11,0.83,364.8,2.82
2026-08-24 19:48:00+00:00,6.6,0.93,361.2,2.89
2026-08-24 19:49:00+00:00,6.69,0.76,363.9,3.0
2026-08-24 19:50:00+00:00,6.54,1.32,362.1,2.99
2026-08-24 19:51:00+00:00,6.36,0.67,359.3,2.88
2026-08-24 19:52:00+00:00,6.32,0.84,369.72,4.64
2026-08-24 19:53:00+00:00,6.47,2.49,370.63,4.49
2026-08-24 19:54:00+00:00,6.36,1.97,362.6,2.33
2026-08-24 19:55:00+00:00,6.83,2.19,359.5,2.77
2026-08-24 19:56:00+00:00,7.01,1.87,373.83,4.88
2026-08-24 19:57:00+00:00,6.24,1.15,361.7,2.76
2026-08-24 19:58:00+00:00,7.04,1.86,359.7,2.83
2026-08-24 19:59:00+00:00,6.13,1.14,361.8,2.71
2026-08-24 20:00:00+00:00,6.16,1.0,362.3,2.89
2026-08-24 20:01:00+00:00,6.24,1.17,360.4,2.88
2026-08-24 20:02:00+00:00,6.17,1.07,359.2,3.08
2026-08-24 20:03:00+00:00,6.85,1.84,357.3,2.93
2026-08-24 20:04:00+00:00,6.61,1.67,359.3,2.86
2026-08-24 20:05:00+00:00,6.58,1.43,358.2,2.92
2026-08-24 20:06:00+00:00,6.53,1.24,360.3,2.28
2026-08-24 20:07:00+00:00,6.34,1.36,357.5,2.71
2026-08-24 20:08:00+00:00,6.41,1.32,358.9,2.39
2026-08-24 20:09:00+00:00,6.2,1.01,359.6,2.89
2026-08-24 20:10:00+00:00,6.77,1.93,369.96,3.32
2026-08-24 20:11:00+00:00,6.17,0.68,357.0,3.41
2026-08-24 20:12:00+00:00,6.44,1.12,358.5,3.39
2026-08-24 20:13:00+00:00,6.11,0.5,357.6,3.46
2026-08-24 20:14:00+00:00,6.01,0.72,358.2,3.61
2026-08-24 20:15:00+00:00,5.99,0.43,390.79,7.43
2026-08-24 20:16:00+00:00,6.38,1.9,358.6,3.59
2026-08-24 20:17:00+00:00,6.39,1.56,358.1,3.62
2026-08-24 20:18:00+00:00,6.48,1.45,358.5,3.65
2026-08-24 20:19:00+00:00,6.33,0.9,364.52,5.52
2026-08-24 20:20:00+00:00,6.04,0.45,358.2,3.45
2026-08-24 20:21:00+00:00,6.12,0.81,353.44,2.37
2026-08-24 20:22:00+00:00,6.32,1.14,351.8,1.64
2026-08-24 20:23:00+00:00,5.99,-0.17,357.5,1.4
2026-08-24 20:24:00+00:00,6.66,1.39,359.1,1.51
2026-08-24 20:25:00+00:00,5.86,-1.57,362.24,5.08
2026-08-24 20:26:00+00:00,7.13,2.41,362.75,4.92
2026-08-24 20:27:00+00:00,7.34,2.54,355.0,1.45
2026-08-24 20:28:00+00:00,6.58,1.99,358.6,1.42
2026-08-24 20:30:00+00:00,6.45,2.36,358.2,1.51
2026-08-24 20:31:00+00:00,6.54,2.18,354.8,1.34
2026-08-24 20:32:00+00:00,7.15,2.95,358.4,1.6
2026-08-24 20:33:00+00:00,7.25,3.28,356.7,1.41
2026-08-24 20:34:00+00:00,6.25,2.55,355.3,1.39
2026-08-24 20:35:00+00:00,6.96,1.37,357.4,1.38
2026-08-24 20:36:00+00:00,6.26,2.46,372.68,5.59
2026-08-24 20:37:00+00:00,7.04,2.74,377.37,6.63
2026-08-24 20:38:00+00:00,6.14,2.49,377.51,7.34
2026-08-24 20:39:00+00:00,6.37,2.59,375.84,7.11
2026-08-24 20:40:00+00:00,6.28,2.52,357.8,1.44
2026-08-24 20:41:00+00:00,6.97,1.99,358.9,1.45
2026-08-24 20:42:00+00:00,6.2,2.23,357.3,1.51
2026-08-24 20:43:00+00:00,6.56,2.15,355.3,1.37
2026-08-24 20:44:00+00:00,6.57,2.1,373.86,6.11
2026-08-24 20:45:00+00:00,6.57,2.01,365.75,2.84
2026-08-24 20:46:00+00:00,7.02,1.83,356.2,1.99
2026-08-24 20:47:00+00:00,7.17,1.91,356.4,1.62
2026-08-24 20:48:00+00:00,6.16,2.29,356.2,1.93
2026-08-24 20:49:00+00:00,7.04,1.07,373.4,7.81
2026-08-24 20:50:00+00:00,6.91,1.06,372.3,5.17
2026-08-24 20:51:00+00:00,7.02,1.17,360.2,2.46
2026-08-24 20:52:00+00:00,6.1,0.4,359.8,2.38
2026-08-24 20:53:00+00:00,6.75,1.44,376.83,6.23
2026-08-24 20:54:00+00:00,6.54,0.73,381.16,6.08
2026-08-24 20:55:00+00:00,6.62,2.13,379.46,4.95
2026-08-24 20:56:00+00:00,6.38,1.28,357.3,1.7
2026-08-24 20:57:00+00:00,6.78,-0.36,359.7,1.85
2026-08-24 20:58:00+00:00,6.55,1.12,360.2,1.88
2026-08-24 20:59:00+00:00,6.73,1.34,382.62,7.1
2026-08-24 21:00:00+00:00,6.61,1.5,357.2,1.87
2026-08-24 21:01:00+00:00,6.49,-0.45,379.53,6.98
2026-08-24 21:02:00+00:00,6.04,0.41,349.2,3.96
2026-08-24 21:03:00+00:00,5.91,0.32,375.41,5.53
2026-08-24 21:04:00+00:00,6.4,-1.4,362.94,2.07
2026-08-24 21:05:00+00:00,6.48,-0.91,383.05,8.98
2026-08-24 21:06:00+00:00,6.59,-1.12,357.6,3.73
2026-08-24 21:07:00+00:00,6.01,-0.77,355.3,3.93
2026-08-24 21:08:00+00:00,6.71,-2.03,378.55,6.86
2026-08-24 21:09:00+00:00,6.78,-2.18,352.1,3.82
2026-08-24 21:10:00+00:00,6.14,-0.96,384.48,8.04
2026-08-24 21:11:00+00:00,7.21,-1.98,352.1,3.43
2026-08-24 21:12:00+00:00,7.24,-2.37,384.79,8.26
2026-08-24 21:13:00+00:00,7.17,-2.86,389.49,8.9
2026-08-24 21:14:00+00:00,6.08,-1.1,387.41,8.6
2026-08-24 21:15:00+00:00,6.13,-1.3,352.2,3.58
2026-08-24 21:16:00+00:00,6.33,-1.81,354.2,3.4
2026-08-24 21:17:00+00:00,6.31,-1.97,349.9,3.42
2026-08-24 21:18:00+00:00,7.2,-4.0,350.8,3.43
2026-08-24 21:19:00+00:00,6.24,-1.39,386.41,6.71
2026-08-24 21:20:00+00:00,6.99,-3.22,371.0,6.0
2026-08-24 21:21:00+00:00,6.0,-1.78,355.7,3.61
2026-08-24 21:22:00+00:00,7.17,-3.98,383.17,6.82
2026-08-24 21:23:00+00:00,5.95,-1.83,369.9,3.11
2026-08-24 21:24:00+00:00,7.26,-3.94,358.2,3.55
2026-08-24 21:25:00+00:00,7.24,-4.79,358.7,3.44
2026-08-24 21:26:00+00:00,5.84,-2.58,385.65,7.11
2026-08-24 21:27:00+00:00,5.79,-2.28,381.59,7.98
2026-08-24 21:28:00+00:00,7.24,-3.62,356.0,3.64
2026-08-24 21:29:00+00:00,7.54,-3.45,357.5,3.8
2026-08-24 21:30:00+00:00,8.04,-3.29,353.5,4.13
2026-08-24 21:31:00+00:00,8.06,-3.47,355.2,4.06
2026-08-24 21:32:00+00:00,5.61,-1.93,375.49,7.12
2026-08-24 21:33:00+00:00,5.69,-2.63,384.52,12.13
2026-08-24 21:34:00+00:00,5.72,-2.87,356.4,3.86
2026-08-24 21:35:00+00:00,8.23,-2.99,365.0,4.63
2026-08-24 21:36:00+00:00,8.25,-3.0,363.1,4.56
2026-08-24 21:37:00+00:00,6.7,-2.85,377.9,9.45
2026-08-24 21:38:00+00:00,8.42,-2.46,366.1,4.78
2026-08-24 21:39:00+00:00,8.38,-3.48,369.1,5.16
2026-08-24 21:40:00+00:00,8.67,-4.66,368.4,4.43
2026-08-24 21:41:00+00:00,6.9,-1.26,367.6,4.34
2026-08-24 21:42:00+00:00,8.02,-1.83,368.9,4.74
2026-08-24 21:43:00+00:00,6.87,-1.87,364.8,3.38
2026-08-24 21:44:00+00:00,7.04,-1.87,364.4,3.81
2026-08-24 21:45:00+00:00,7.02,-2.2,382.66,8.21
2026-08-24 21:46:00+00:00,8.52,-2.54,365.2,3.51
2026-08-24 21:47:00+00:00,7.13,-2.38,371.11,4.56
2026-08-24 21:48:00+00:00,7.08,-2.49,362.6,3.32
2026-08-24 21:49:00+00:00,8.75,-2.36,364.6,3.25
2026-08-24 21:50:00+00:00,8.92,-2.92,364.9,3.16
2026-08-24 21:51:00+00:00,8.98,-0.75,365.6,3.33
2026-08-24 21:52:00+00:00,7.07,-2.05,363.8,3.22
2026-08-24 21:53:00+00:00,9.17,-0.44,364.1,3.0
2026-08-24 21:54:00+00:00,7.08,-1.42,365.1,2.99
2026-08-24 21:55:00+00:00,9.3,-0.23,376.78,7.19
2026-08-24 21:56:00+00:00,7.27,-2.79,367.4,2.96
2026-08-24 21:57:00+00:00,7.45,-3.09,378.96,6.19
2026-08-24 21:58:00+00:00,9.39,-0.73,368.95,3.59
2026-08-24 21:59:00+00:00,7.19,-0.93,360.4,3.59
2026-08-24 22:00:00+00:00,7.01,-0.64,361.8,3.68
2026-08-24 22:01:00+00:00,7.09,-0.17,356.2,3.65
2026-08-24 22:02:00+00:00,8.73,0.59,360.7,3.59
2026-08-24 22:03:00+00:00,8.96,8.14,372.82,2.97
2026-08-24 22:04:00+00:00,9.05,8.31,399.71,6.22
2026-08-24 22:05:00+00:00,9.01,8.47,359.3,3.7
2026-08-24 22:06:00+00:00,8.89,8.53,363.4,3.73
2026-08-24 22:07:00+00:00,8.82,8.54,358.4,3.32
2026-08-24 22:08:00+00:00,6.91,-0.11,371.89,2.03
2026-08-24 22:09:00+00:00,8.7,8.35,374.69,1.87
2026-08-24 22:10:00+00:00,6.81,-0.64,360.7,3.42
2026-08-24 22:11:00+00:00,8.66,8.2,364.9,1.63
2026-08-24 22:12:00+00:00,6.91,-0.01,358.7,3.07
2026-08-24 22:13:00+00:00,8.62,7.89,357.6,3.19
2026-08-24 22:14:00+00:00,6.91,0.07,375.06,1.82
2026-08-24 22:15:00+00:00,6.88,0.29,359.3,2.97
2026-08-24 22:16:00+00:00,6.93,0.2,363.0,3.0
2026-08-24 22:17:00+00:00,6.95,0.16,369.46,1.64
2026-08-24 22:18:00+00:00,6.93,0.36,370.98,1.54
2026-08-24 22:19:00+00:00,6.83,0.55,356.8,2.96
2026-08-24 22:20:00+00:00,8.49,7.27,357.3,3.11
2026-08-24 22:21:00+00:00,6.76,1.14,362.4,2.87
2026-08-24 22:22:00+00:00,8.38,7.02,361.7,2.96
2026-08-24 22:23:00+00:00,8.27,7.08,361.4,3.02
2026-08-24 22:24:00+00:00,8.16,6.5,373.82,1.89
2026-08-24 22:25:00+00:00,8.14,6.44,375.43,1.86
2026-08-24 22:26:00+00:00,8.15,6.8,358.0,3.01
2026-08-24 22:27:00+00:00,8.08,6.68,358.7,3.0
2026-08-24 22:28:00+00:00,8.09,6.69,357.4,3.0
2026-08-24 22:29:00+00:00,6.76,2.65,364.71,1.55
2026-08-24 22:30:00+00:00,6.7,3.34,374.16,2.03
2026-08-24 22:31:00+00:00,7.89,6.55,376.2,2.08
2026-08-24 22:32:00+00:00,7.16,5.67,355.7,3.38
2026-08-24 22:33:00+00:00,7.82,6.17,359.9,3.12
2026-08-24 22:34:00+00:00,7.77,6.08,354.0,3.06
2026-08-24 22:35:00+00:00,7.48,5.95,374.86,2.19
2026-08-24 22:36:00+00:00,7.72,5.74,367.4,2.0
2026-08-24 22:37:00+00:00,7.42,5.92,369.64,1.93
2026-08-24 22:38:00+00:00,7.68,5.82,356.1,3.15
2026-08-24 22:39:00+00:00,7.42,6.26,355.0,3.21
2026-08-24 22:40:00+00:00,7.57,4.91,355.6,3.29
2026-08-24 22:41:00+00:00,7.47,5.06,360.95,1.23
2026-08-24 22:42:00+00:00,7.41,4.92,375.49,2.61
2026-08-24 22:43:00+00:00,7.15,5.22,359.7,2.93
2026-08-24 22:44:00+00:00,7.15,5.4,368.87,2.09
2026-08-24 22:45:00+00:00,7.05,5.32,363.39,1.44
2026-08-24 22:46:00+00:00,7.33,4.62,355.6,2.85
2026-08-24 22:47:00+00:00,7.32,4.97,358.2,2.99
2026-08-24 22:48:00+00:00,7.03,5.26,367.39,1.63
2026-08-24 22:49:00+00:00,7.01,5.23,357.0,2.9
2026-08-24 22:50:00+00:00,7.0,5.09,373.22,2.17
2026-08-24 22:51:00+00:00,6.94,4.88,368.93,1.94
2026-08-24 22:52:00+00:00,7.19,4.38,356.5,3.29
2026-08-24 22:53:00+00:00,6.87,5.38,355.6,2.85
2026-08-24 22:54:00+00:00,7.36,4.88,355.4,3.04
2026-08-24 22:55:00+00:00,7.3,4.43,371.66,1.42
2026-08-24 22:56:00+00:00,7.29,4.29,357.8,3.12
2026-08-24 22:57:00+00:00,6.74,4.47,357.0,2.87
2026-08-24 22:58:00+00:00,7.16,4.03,372.07,1.68
2026-08-24 22:59:00+00:00,6.86,4.18,376.37,1.61
2026-08-24 23:00:00+00:00,6.89,4.2,358.5,2.92
2026-08-24 23:01:00+00:00,6.84,4.17,363.4,2.72
2026-08-24 23:02:00+00:00,6.77,4.4,370.21,1.75
2026-08-24 23:03:00+00:00,6.74,4.37,355.9,2.79
2026-08-24 23:04:00+00:00,6.78,4.21,359.54,0.94
2026-08-24 23:05:00+00:00,6.7,4.15,360.14,1.51
2026-08-24 23:06:00+00:00,6.39,4.1,371.17,2.51
2026-08-24 23:07:00+00:00,6.93,3.75,365.21,1.81
2026-08-24 23:08:00+00:00,6.9,3.55,346.1,2.57
2026-08-24 23:09:00+00:00,6.83,3.06,363.42,1.87
2026-08-24 23:10:00+00:00,5.86,4.17,351.3,2.62
2026-08-24 23:11:00+00:00,6.88,2.94,357.87,1.27
2026-08-24 23:12:00+00:00,6.94,3.04,355.43,0.76
2026-08-24 23:13:00+00:00,5.75,4.3,368.06,1.78
2026-08-24 23:14:00+00:00,5.74,4.22,367.51,1.62
2026-08-24 23:15:00+00:00,5.96,3.28,348.7,2.55
2026-08-24 23:16:00+00:00,7.08,2.4,357.32,1.14
2026-08-24 23:17:00+00:00,5.8,3.32,372.02,1.83
2026-08-24 23:18:00+00:00,6.98,2.38,371.84,1.76
2026-08-24 23:19:00+00:00,5.72,3.5,365.16,1.68
2026-08-24 23:20:00+00:00,6.8,2.56,358.2,2.69
2026-08-24 23:21:00+00:00,6.86,2.76,356.9,2.81
2026-08-24 23:22:00+00:00,5.52,3.35,364.39,1.47
2026-08-24 23:23:00+00:00,6.85,2.89,354.9,2.72
2026-08-24 23:24:00+00:00,6.81,2.96,354.1,2.66
2026-08-24 23:25:00+00:00,5.53,3.51,356.4,2.89
2026-08-24 23:26:00+00:00,5.48,3.44,355.7,2.88
2026-08-24 23:27:00+00:00,6.93,3.17,363.22,1.87
2026-08-24 23:28:00+00:00,5.58,3.41,359.33,1.58
2026-08-24 23:29:00+00:00,5.56,3.5,357.5,2.89
2026-08-24 23:30:00+00:00,7.01,3.71,359.7,2.79
2026-08-24 23:31:00+00:00,5.63,3.68,356.8,2.72
2026-08-24 23:32:00+00:00,5.65,3.81,357.6,2.81
2026-08-24 23:33:00+00:00,6.86,3.65,357.2,2.87
2026-08-24 23:34:00+00:00,6.94,3.79,357.8,2.84
2026-08-24 23:35:00+00:00,6.89,3.91,353.5,2.91
2026-08-24 23:36:00+00:00,5.49,3.6,357.1,3.14
2026-08-24 23:37:00+00:00,6.73,4.45,368.18,2.06
2026-08-24 23:38:00+00:00,6.41,4.65,363.65,2.45
2026-08-24 23:39:00+00:00,5.38,3.05,356.1,3.35
2026-08-24 23:40:00+00:00,5.77,3.69,364.28,3.8
2026-08-24 23:41:00+00:00,6.29,3.99,365.68,3.89
2026-08-24 23:42:00+00:00,6.41,4.1,364.41,3.72
2026-08-24 23:43:00+00:00,6.16,1.69,345.1,2.73
2026-08-24 23:44:00+00:00,6.26,1.92,363.11,3.71
2026-08-24 23:45:00+00:00,6.11,2.13,365.42,3.97
2026-08-24 23:46:00+00:00,6.05,1.42,347.9,2.95
2026-08-24 23:47:00+00:00,6.48,4.11,366.12,3.62
2026-08-24 23:48:00+00:00,5.6,1.92,365.63,3.68
2026-08-24 23:49:00+00:00,5.38,2.62,364.06,3.72
2026-08-24 23:50:00+00:00,6.0,1.99,354.0,2.92
2026-08-24 23:51:00+00:00,6.13,1.75,355.5,2.84
2026-08-24 23:52:00+00:00,5.35,2.39,343.97,3.04
2026-08-24 23:53:00+00:00,5.33,2.26,339.26,2.88
2026-08-24 23:54:00+00:00,5.63,2.84,355.8,2.3
2026-08-24 23:55:00+00:00,6.49,2.19,353.63,2.08
2026-08-24 23:56:00+00:00,5.71,2.54,351.53,2.67
2026-08-24 23:57:00+00:00,6.09,0.89,339.79,2.64
2026-08-24 23:58:00+00:00,6.18,1.32,354.7,2.18
2026-08-24 23:59:00+00:00,5.57,3.14,340.63,2.5
2026-08-25 00:00:00+00:00,6.45,2.59,361.7,2.75
2026-08-25 00:01:00+00:00,5.85,3.32,347.7,2.73
2026-08-25 00:02:00+00:00,6.38,3.7,352.5,2.62
2026-08-25 00:03:00+00:00,6.02,2.49,345.5,2.43
2026-08-25 00:04:00+00:00,6.05,2.24,367.24,2.67
2026-08-25 00:05:00+00:00,6.13,2.61,346.6,2.75
2026-08-25 00:06:00+00:00,6.14,2.64,346.0,2.56
2026-08-25 00:07:00+00:00,6.29,2.64,368.75,4.15
2026-08-25 00:08:00+00:00,6.49,2.84,349.8,2.73
2026-08-25 00:09:00+00:00,6.65,2.97,370.3,3.7
2026-08-25 00:10:00+00:00,6.2,1.78,349.9,3.15
2026-08-25 00:11:00+00:00,6.25,1.75,348.5,3.24
2026-08-25 00:12:00+00:00,6.95,2.89,348.3,3.02
2026-08-25 00:13:00+00:00,6.16,1.68,343.3,3.29
2026-08-25 00:14:00+00:00,6.11,1.38,370.45,3.01
2026-08-25 00:15:00+00:00,6.17,1.5,371.33,3.24
2026-08-25 00:16:00+00:00,6.51,2.62,345.3,2.97
2026-08-25 00:17:00+00:00,6.24,2.45,346.5,3.21
2026-08-25 00:18:00+00:00,6.16,2.46,343.3,3.19
2026-08-25 00:19:00+00:00,6.11,2.42,368.33,3.57
2026-08-25 00:20:00+00:00,6.39,3.03,349.9,2.42
2026-08-25 00:21:00+00:00,6.12,2.28,346.8,2.36
2026-08-25 00:22:00+00:00,6.56,3.37,345.8,2.49
2026-08-25 00:23:00+00:00,6.57,3.04,345.1,2.17
2026-08-25 00:24:00+00:00,6.29,2.9,366.99,3.31
2026-08-25 00:25:00+00:00,6.31,2.91,351.0,2.67
2026-08-25 00:26:00+00:00,6.38,2.91,364.93,3.21
2026-08-25 00:27:00+00:00,6.34,2.77,349.8,2.84
2026-08-25 00:28:00+00:00,6.23,2.57,343.8,2.97
2026-08-25 00:29:00+00:00,6.71,3.09,351.8,2.88
2026-08-25 00:30:00+00:00,6.24,1.9,345.3,2.51
2026-08-25 00:31:00+00:00,6.56,2.77,364.5,3.48
2026-08-25 00:32:00+00:00,6.67,2.72,341.7,2.33
2026-08-25 00:33:00+00:00,6.66,2.74,342.3,2.55
2026-08-25 00:34:00+00:00,6.68,2.78,364.66,3.21
2026-08-25 00:35:00+00:00,6.66,2.74,363.37,3.17
2026-08-25 00:36:00+00:00,6.61,2.65,342.2,2.41
2026-08-25 00:37:00+00:00,6.5,2.65,343.2,2.39
2026-08-25 00:38:00+00:00,6.6,2.69,364.82,2.76
2026-08-25 00:39:00+00:00,5.93,2.44,340.5,2.2
2026-08-25 00:40:00+00:00,6.59,2.82,340.3,2.25
2026-08-25 00:41:00+00:00,5.78,1.9,344.06,1.68
2026-08-25 00:42:00+00:00,5.94,2.31,348.25,1.96
2026-08-25 00:43:00+00:00,6.4,2.73,339.4,2.27
2026-08-25 00:44:00+00:00,6.54,1.74,342.4,2.47
2026-08-25 00:45:00+00:00,6.64,2.59,366.65,2.2
2026-08-25 00:46:00+00:00,6.75,3.06,365.88,2.25
2026-08-25 00:47:00+00:00,6.13,1.9,366.38,2.04
2026-08-25 00:48:00+00:00,6.82,3.17,340.5,1.78
2026-08-25 00:49:00+00:00,5.86,1.88,333.47,1.52
2026-08-25 00:50:00+00:00,5.97,2.06,337.2,2.7
2026-08-25 00:51:00+00:00,6.47,1.87,342.0,2.19
2026-08-25 00:52:00+00:00,6.48,1.71,337.5,2.2
2026-08-25 00:53:00+00:00,6.42,1.93,340.8,2.56
2026-08-25 00:54:00+00:00,6.39,1.96,340.5,2.26
2026-08-25 00:55:00+00:00,6.44,2.17,337.2,2.31
2026-08-25 00:56:00+00:00,6.31,2.07,339.5,2.71
2026-08-25 00:57:00+00:00,6.22,2.09,340.7,2.72
2026-08-25 00:58:00+00:00,6.21,1.92,339.2,2.75
2026-08-25 00:59:00+00:00,6.27,1.83,341.4,2.82
2026-08-25 01:01:00+00:00,6.16,1.92,340.0,2.8
2026-08-25 01:02:00+00:00,6.14,2.13,339.6,2.86
2026-08-25 01:03:00+00:00,6.35,1.81,336.3,2.29
2026-08-25 01:04:00+00:00,6.28,2.46,337.5,2.41
2026-08-25 01:05:00+00:00,6.28,2.31,339.0,2.72
2026-08-25 01:06:00+00:00,6.24,2.11,342.7,2.83
2026-08-25 01:07:00+00:00,6.22,2.1,338.9,2.84
2026-08-25 01:08:00+00:00,6.11,1.8,346.3,2.57
2026-08-25 01:10:00+00:00,5.83,1.47,348.0,2.75
2026-08-25 01:11:00+00:00,5.75,1.72,346.2,2.86
2026-08-25 01:12:00+00:00,5.76,1.69,347.0,2.93
2026-08-25 01:13:00+00:00,5.78,1.66,344.9,2.88
2026-08-25 01:14:00+00:00,5.76,1.72,344.3,2.82
2026-08-25 01:15:00+00:00,5.75,1.55,344.7,3.03
2026-08-25 01:16:00+00:00,5.69,1.49,343.9,2.97
2026-08-25 01:17:00+00:00,5.76,1.48,344.7,2.97
2026-08-25 01:19:00+00:00,5.41,1.44,346.6,3.07
2026-08-25 01:20:00+00:00,5.5,1.64,344.9,2.94
2026-08-25 01:21:00+00:00,5.47,1.44,345.5,3.0
2026-08-25 01:22:00+00:00,5.44,1.74,343.7,3.01
2026-08-25 01:23:00+00:00,5.46,1.84,345.8,2.93
2026-08-25 01:24:00+00:00,5.61,1.57,350.0,2.97
2026-08-25 01:25:00+00:00,5.5,1.82,349.2,2.68
2026-08-25 01:26:00+00:00,6.03,1.54,339.4,2.67
2026-08-25 01:27:00+00:00,6.0,1.53,334.6,2.64
2026-08-25 01:28:00+00:00,6.03,1.66,334.1,2.39
2026-08-25 01:30:00+00:00,5.83,2.92,339.8,2.55
2026-08-25 01:31:00+00:00,5.94,3.01,338.0,2.28
2026-08-25 01:32:00+00:00,5.92,3.24,340.9,2.53
2026-08-25 01:33:00+00:00,6.02,2.43,337.6,2.61
2026-08-25 01:34:00+00:00,6.02,1.71,338.2,2.85
2026-08-25 01:35:00+00:00,6.06,1.06,338.8,2.83
2026-08-25 01:36:00+00:00,6.07,1.13,338.5,2.56
2026-08-25 01:37:00+00:00,6.05,1.33,338.9,2.74
2026-08-25 01:39:00+00:00,6.02,1.7,337.1,2.62
2026-08-25 01:40:00+00:00,6.04,1.77,336.7,2.71
2026-08-25 01:41:00+00:00,6.02,1.86,336.2,2.67
2026-08-25 01:42:00+00:00,6.04,1.71,332.3,2.55
2026-08-25 01:43:00+00:00,5.84,2.61,333.9,2.67
2026-08-25 01:44:00+00:00,5.9,2.12,337.6,2.53
2026-08-25 01:45:00+00:00,5.93,1.53,337.5,2.72
2026-08-25 01:46:00+00:00,5.86,1.94,340.4,2.71
2026-08-25 01:48:00+00:00,5.87,1.79,337.8,2.9
2026-08-25 01:50:00+00:00,5.78,1.96,341.2,2.82
2026-08-25 01:51:00+00:00,5.8,2.06,339.1,2.71
2026-08-25 01:52:00+00:00,5.83,1.59,340.3,2.67
2026-08-25 01:53:00+00:00,5.79,1.56,342.0,2.92
2026-08-25 01:54:00+00:00,5.81,1.43,342.0,2.77
2026-08-25 01:55:00+00:00,5.82,1.24,339.4,2.76
2026-08-25 01:56:00+00:00,5.87,1.09,346.9,2.96
2026-08-25 01:57:00+00:00,5.83,0.7,344.5,2.77
2026-08-25 01:58:00+00:00,5.92,0.91,339.5,3.15
2026-08-25 01:59:00+00:00,5.88,0.95,346.4,2.85
2026-08-25 02:01:00+00:00,5.86,1.68,338.6,2.95
2026-08-25 02:02:00+00:00,5.92,1.59,342.7,2.93
2026-08-25 02:03:00+00:00,5.9,1.68,342.1,3.02
2026-08-25 02:04:00+00:00,5.81,1.75,342.1,2.98
2026-08-25 02:06:00+00:00,5.81,2.35,343.1,2.87
2026-08-25 02:08:00+00:00,5.94,2.03,337.4,2.57
2026-08-25 02:09:00+00:00,6.0,2.23,331.4,2.46
2026-08-25 02:10:00+00:00,6.01,2.35,337.9,2.76
2026-08-25 02:11:00+00:00,5.98,2.3,336.5,2.35
2026-08-25 02:12:00+00:00,6.03,2.19,334.1,2.53
2026-08-25 02:13:00+00:00,6.08,2.32,334.0,2.37
2026-08-25 02:15:00+00:00,6.17,2.52,329.3,2.17
2026-08-25 02:16:00+00:00,6.19,2.33,331.5,2.35
2026-08-25 02:17:00+00:00,6.16,2.15,329.6,2.21
2026-08-25 02:18:00+00:00,6.18,2.16,329.2,2.17
2026-08-25 02:20:00+00:00,6.28,1.98,330.3,2.08
2026-08-25 02:22:00+00:00,6.19,2.42,329.4,2.07
2026-08-25 02:23:00+00:00,6.2,2.54,330.8,2.21
2026-08-25 02:24:00+00:00,6.17,2.74,329.7,2.16
2026-08-25 02:25:00+00:00,6.19,3.39,330.1,2.07
2026-08-25 02:27:00+00:00,6.11,2.82,331.4,2.21
2026-08-25 02:28:00+00:00,6.11,2.32,333.8,2.17
2026-08-25 02:29:00+00:00,6.05,2.36,336.6,2.47
2026-08-25 02:32:00+00:00,6.04,2.42,332.9,2.38
2026-08-25 02:34:00+00:00,6.07,2.6,334.5,2.46
2026-08-25 02:35:00+00:00,6.05,2.38,334.8,2.4
2026-08-25 02:36:00+00:00,6.05,2.55,334.1,2.31
2026-08-25 02:37:00+00:00,6.11,2.46,332.1,2.13
2026-08-25 02:39:00+00:00,6.14,2.5,334.0,2.25
2026-08-25 02:40:00+00:00,6.11,2.78,334.8,2.23
2026-08-25 02:41:00+00:00,6.07,2.85,336.4,2.19
2026-08-25 02:42:00+00:00,6.02,2.84,335.5,2.27
2026-08-25 02:43:00+00:00,5.99,2.76,333.6,2.39
2026-08-25 02:46:00+00:00,5.98,3.68,332.4,1.95
2026-08-25 02:48:00+00:00,5.91,3.37,335.5,1.99
2026-08-25 02:50:00+00:00,5.91,3.1,333.6,1.91
2026-08-25 02:51:00+00:00,5.89,3.23,335.6,1.86
2026-08-25 02:52:00+00:00,5.82,3.45,340.1,1.98
2026-08-25 02:53:00+00:00,5.81,3.54,339.8,1.93
2026-08-25 02:55:00+00:00,5.83,3.22,346.5,1.9
2026-08-25 02:57:00+00:00,5.72,3.5,343.6,1.95
2026-08-25 02:59:00+00:00,5.69,3.56,343.4,1.86
2026-08-25 03:00:00+00:00,5.69,3.85,344.1,1.88
2026-08-25 03:01:00+00:00,5.68,3.93,343.1,1.84
2026-08-25 03:02:00+00:00,5.72,3.88,341.1,1.8
2026-08-25 03:04:00+00:00,5.69,3.14,339.1,2.0
2026-08-25 03:06:00+00:00,5.7,3.47,343.9,1.87
2026-08-25 03:07:00+00:00,5.64,3.55,345.9,2.15
2026-08-25 03:08:00+00:00,5.62,3.25,342.2,2.12
2026-08-25 03:09:00+00:00,5.7,3.69,344.3,1.93
2026-08-25 03:10:00+00:00,5.73,3.78,344.2,1.85
2026-08-25 03:11:00+00:00,5.8,3.57,341.1,1.89
2026-08-25 03:12:00+00:00,5.8,3.55,340.4,1.96
2026-08-25 03:13:00+00:00,5.77,3.56,340.4,1.99
2026-08-25 03:15:00+00:00,5.76,3.55,342.6,1.9
2026-08-25 03:17:00+00:00,5.75,3.47,339.4,2.19
2026-08-25 03:18:00+00:00,5.72,3.38,345.9,1.96
2026-08-25 03:23:00+00:00,5.84,3.0,345.1,2.06
2026-08-25 03:24:00+00:00,5.81,3.39,342.3,2.0
2026-08-25 03:25:00+00:00,5.82,3.1,342.3,2.06
2026-08-25 03:26:00+00:00,5.77,3.6,344.7,1.99
2026-08-25 03:27:00+00:00,5.69,3.57,346.3,2.4
2026-08-25 03:28:00+00:00,5.79,3.2,347.2,1.93
2026-08-25 03:30:00+00:00,5.92,3.48,341.7,1.87
2026-08-25 03:32:00+00:00,5.95,2.85,344.3,2.28
2026-08-25 03:34:00+00:00,5.95,3.62,347.4,2.18
2026-08-25 03:35:00+00:00,5.79,3.1,342.9,2.02
2026-08-25 03:36:00+00:00,5.91,3.41,338.6,2.21
2026-08-25 03:37:00+00:00,5.96,3.56,337.6,2.12
2026-08-25 03:38:00+00:00,6.02,3.72,336.6,2.1
2026-08-25 03:39:00+00:00,6.03,3.62,335.8,2.12
2026-08-25 03:41:00+00:00,6.03,4.0,334.6,2.07
2026-08-25 03:43:00+00:00,6.05,3.93,338.0,2.05
2026-08-25 03:45:00+00:00,6.03,3.79,337.2,2.13
2026-08-25 03:47:00+00:00,6.02,3.83,337.0,2.12
2026-08-25 03:48:00+00:00,6.0,3.77,341.7,1.8
2026-08-25 03:49:00+00:00,5.83,3.31,346.7,1.75
2026-08-25 03:50:00+00:00,5.88,2.54,339.9,1.75
2026-08-25 03:52:00+00:00,5.99,2.1,340.6,1.99
2026-08-25 03:54:00+00:00,5.85,2.42,336.0,2.13
2026-08-25 03:56:00+00:00,5.86,3.36,339.9,2.12
2026-08-25 03:57:00+00:00,5.86,3.05,341.6,2.0
2026-08-25 03:58:00+00:00,5.85,3.28,337.6,2.03
2026-08-25 04:00:00+00:00,5.98,3.18,334.5,2.21
2026-08-25 04:01:00+00:00,6.02,3.13,337.7,2.14
2026-08-25 04:03:00+00:00,5.92,2.39,341.8,2.05
2026-08-25 04:05:00+00:00,5.9,2.69,340.3,2.25
2026-08-25 04:06:00+00:00,5.92,1.59,344.8,2.25
2026-08-25 04:07:00+00:00,5.93,1.31,340.2,2.01
2026-08-25 04:08:00+00:00,5.94,2.53,342.0,2.03
2026-08-25 04:09:00+00:00,5.98,2.03,341.1,1.98
2026-08-25 04:10:00+00:00,6.01,2.51,340.7,2.02
2026-08-25 04:11:00+00:00,6.01,2.25,343.4,1.98
2026-08-25 04:12:00+00:00,6.0,1.68,341.6,1.98
2026-08-25 04:14:00+00:00,5.93,1.92,343.1,2.46
2026-08-25 04:16:00+00:00,5.96,1.78,345.3,2.06
2026-08-25 04:18:00+00:00,5.96,1.41,346.5,2.17
2026-08-25 04:19:00+00:00,5.88,2.67,343.5,2.13
2026-08-25 04:20:00+00:00,5.96,2.51,339.9,2.08
2026-08-25 04:21:00+00:00,6.0,2.46,343.4,2.12
2026-08-25 04:22:00+00:00,6.0,1.94,343.6,2.21
2026-08-25 04:23:00+00:00,5.96,1.91,342.4,2.31
2026-08-25 04:24:00+00:00,6.01,1.54,343.5,2.09
2026-08-25 04:25:00+00:00,6.05,1.7,342.4,2.13
2026-08-25 04:26:00+00:00,6.03,1.97,341.5,2.24
2026-08-25 04:27:00+00:00,5.95,2.21,341.4,2.11
2026-08-25 04:29:00+00:00,5.9,3.21,343.0,1.41
2026-08-25 04:31:00+00:00,6.06,3.47,346.4,1.35
2026-08-25 04:33:00+00:00,6.2,3.71,344.3,1.15
2026-08-25 04:34:00+00:00,6.1,3.66,346.3,1.14
2026-08-25 04:35:00+00:00,6.11,3.72,348.9,1.32
2026-08-25 04:36:00+00:00,6.04,3.75,346.0,1.3
2026-08-25 04:37:00+00:00,6.08,3.5,346.9,1.3
2026-08-25 04:38:00+00:00,6.06,3.4,347.4,1.3
2026-08-25 04:39:00+00:00,6.08,3.32,345.7,1.23
2026-08-25 04:40:00+00:00,6.05,3.2,344.2,1.37
2026-08-25 04:41:00+00:00,6.06,3.2,346.7,1.32
2026-08-25 04:42:00+00:00,6.0,3.16,345.0,1.41
2026-08-25 04:43:00+00:00,6.07,3.0,346.7,1.38
2026-08-25 04:44:00+00:00,6.0,2.89,347.6,1.41
2026-08-25 04:46:00+00:00,5.99,2.4,349.2,1.43
2026-08-25 04:48:00+00:00,6.04,2.29,345.6,1.43
2026-08-25 04:50:00+00:00,6.06,1.99,345.5,1.47
2026-08-25 04:51:00+00:00,6.18,2.12,344.7,1.19
2026-08-25 04:52:00+00:00,6.29,2.13,344.4,1.41
2026-08-25 04:54:00+00:00,6.14,2.36,346.3,1.58
2026-08-25 04:55:00+00:00,5.92,2.32,345.6,1.62
2026-08-25 04:56:00+00:00,5.93,2.46,346.3,1.51
2026-08-25 04:57:00+00:00,5.89,2.74,347.3,1.37
2026-08-25 04:58:00+00:00,6.08,2.71,349.5,1.55
2026-08-25 04:59:00+00:00,5.99,2.98,351.8,1.5
2026-08-25 05:02:00+00:00,6.05,3.2,352.3,1.48
2026-08-25 05:03:00+00:00,6.08,3.32,350.3,1.33
2026-08-25 05:04:00+00:00,6.04,3.4,349.2,1.32
2026-08-25 05:05:00+00:00,6.03,3.49,347.8,1.41
2026-08-25 05:06:00+00:00,6.08,2.95,350.4,1.42
2026-08-25 05:07:00+00:00,5.96,2.69,348.8,1.67
2026-08-25 05:08:00+00:00,5.92,3.26,351.2,1.49
2026-08-25 05:09:00+00:00,5.93,3.56,359.3,1.43
2026-08-25 05:10:00+00:00,5.91,3.68,343.5,1.19
2026-08-25 05:11:00+00:00,5.87,3.77,344.6,1.35
2026-08-25 05:12:00+00:00,5.83,3.82,345.9,1.37
2026-08-25 05:13:00+00:00,5.89,3.87,343.2,1.28
2026-08-25 05:14:00+00:00,5.93,4.07,341.8,1.23
2026-08-25 05:15:00+00:00,5.93,3.97,345.0,1.34
2026-08-25 05:16:00+00:00,5.97,3.84,344.6,1.41
2026-08-25 05:17:00+00:00,5.9,3.73,345.7,1.34
2026-08-25 05:18:00+00:00,5.93,3.62,345.2,1.31
2026-08-25 05:19:00+00:00,5.93,3.41,344.9,1.33
2026-08-25 05:20:00+00:00,5.83,4.24,345.2,1.21
2026-08-25 05:21:00+00:00,5.84,4.25,344.6,1.27
2026-08-25 05:22:00+00:00,5.92,4.2,344.4,1.17
2026-08-25 05:23:00+00:00,5.93,4.29,344.1,1.19
2026-08-25 05:24:00+00:00,5.93,4.15,341.0,1.18
2026-08-25 05:25:00+00:00,5.9,3.95,343.0,1.17
2026-08-25 05:26:00+00:00,5.84,3.9,345.6,1.18
2026-08-25 05:27:00+00:00,5.89,3.86,341.0,1.18
2026-08-25 05:28:00+00:00,5.87,3.79,341.1,1.2
2026-08-25 05:29:00+00:00,5.87,3.8,342.1,1.21
2026-08-25 05:30:00+00:00,5.89,3.74,341.0,1.26
2026-08-25 05:31:00+00:00,5.85,3.79,341.4,1.21
2026-08-25 05:32:00+00:00,5.83,3.92,341.7,1.19
2026-08-25 05:33:00+00:00,5.88,3.96,340.9,1.21
2026-08-25 05:34:00+00:00,5.85,3.96,341.9,1.2
2026-08-25 05:35:00+00:00,5.87,4.25,341.3,1.14
2026-08-25 05:36:00+00:00,5.75,4.48,340.0,1.56
2026-08-25 05:37:00+00:00,5.8,4.37,345.2,1.24
2026-08-25 05:38:00+00:00,5.68,3.69,355.2,1.75
2026-08-25 05:39:00+00:00,5.7,3.45,356.4,2.04
2026-08-25 05:40:00+00:00,5.63,3.27,360.4,1.96
2026-08-25 05:41:00+00:00,5.74,3.13,356.2,2.24
2026-08-25 05:42:00+00:00,6.11,2.47,351.7,1.9
2026-08-25 05:43:00+00:00,6.03,2.67,345.9,2.15
2026-08-25 05:44:00+00:00,5.97,2.71,350.0,2.28
2026-08-25 05:45:00+00:00,6.36,2.25,333.3,2.0
2026-08-25 05:46:00+00:00,6.26,2.18,340.6,1.92
2026-08-25 05:47:00+00:00,6.3,2.28,333.7,2.22
2026-08-25 05:48:00+00:00,6.39,1.51,338.7,2.05
2026-08-25 05:49:00+00:00,6.38,1.0,338.7,2.07
2026-08-25 05:50:00+00:00,6.18,2.37,338.3,2.37
2026-08-25 05:51:00+00:00,6.3,0.12,336.9,2.35
2026-08-25 05:52:00+00:00,6.12,0.99,342.1,2.17
2026-08-25 05:53:00+00:00,6.0,2.19,347.4,2.49
2026-08-25 05:54:00+00:00,6.17,1.6,344.5,2.25
